api	method	path	operation_id	in	name	required	schema_type	schema_format	items_type	style	explode	enum	constraints	fingerprint
cloud	GET	/actions	get_actions	query	id	yes	array		integer	form	yes	[]	{}	e2c6cb2b9dfc5b00dc303b8a3d4657befdd061aca5b3d943f09399567d477040
cloud	GET	/actions/{id}	get_action	path	id	yes	integer	int64		simple	no	[]	"{""maximum"":9007199254740991,""minimum"":1}"	d6b4c07803afd497b5fa524b50712cd69b5b7b0bce4e48238d2412211630ab1c
cloud	GET	/certificates	list_certificates	query	label_selector	no	string			form	yes	[]	{}	34409838baa32e96bfe5a5351a68ee5e9f443f670093da099bc1c087bea7b0db
cloud	GET	/certificates	list_certificates	query	name	no	string			form	yes	[]	{}	c0ad0671fb2f469fef6db68ad58a6937602a936a3df5e599296a62fded257394
cloud	GET	/certificates	list_certificates	query	page	no	integer	int64		form	yes	[]	{}	49951a13ec443bf813598679ed9e41c433d2f85b918c79ed5e31c14c1fb6ff6a
cloud	GET	/certificates	list_certificates	query	per_page	no	integer	int64		form	yes	[]	{}	6e614a6688b4fcf1d3affb5e83c7ee6684120a11533b4f756e3a56e128cce2fe
cloud	GET	/certificates	list_certificates	query	sort	no	array		string	form	yes	"[""id"",""id:asc"",""id:desc"",""name"",""name:asc"",""name:desc"",""created"",""created:asc"",""created:desc""]"	{}	07bff43e34756fb7d2447e01aee4be72ebaef5e830ff97adfa18ce8843cc18c4
cloud	GET	/certificates	list_certificates	query	type	no	array		string	form	yes	"[""uploaded"",""managed""]"	{}	e92d6186c70dce2c4b43741232f5ff04fbeceea6167591ba2d5bf0ab61008d44
cloud	GET	/certificates/actions	list_certificates_actions	query	id	no	array		integer	form	yes	[]	{}	2d8b77ea2e81a340f3e827128f1d4484364ffd1af75bdb7c99ac15ed457769e9
cloud	GET	/certificates/actions	list_certificates_actions	query	page	no	integer	int64		form	yes	[]	{}	49951a13ec443bf813598679ed9e41c433d2f85b918c79ed5e31c14c1fb6ff6a
cloud	GET	/certificates/actions	list_certificates_actions	query	per_page	no	integer	int64		form	yes	[]	{}	6e614a6688b4fcf1d3affb5e83c7ee6684120a11533b4f756e3a56e128cce2fe
cloud	GET	/certificates/actions	list_certificates_actions	query	sort	no	array		string	form	yes	"[""id"",""id:asc"",""id:desc"",""command"",""command:asc"",""command:desc"",""status"",""status:asc"",""status:desc"",""started"",""started:asc"",""started:desc"",""finished"",""finished:asc"",""finished:desc""]"	{}	e073e7d95c82b52ffdf9ab24de877735d0fd3c5e2711b719d01c25b9e1ecc093
cloud	GET	/certificates/actions	list_certificates_actions	query	status	no	array		string	form	yes	"[""running"",""success"",""error""]"	{}	515ddd242f9d681acb620a14e1dab7ebaae911f39e8da17ba21126a8ba21b7db
cloud	GET	/certificates/actions/{id}	get_certificates_action	path	id	yes	integer	int64		simple	no	[]	"{""maximum"":9007199254740991,""minimum"":1}"	d6b4c07803afd497b5fa524b50712cd69b5b7b0bce4e48238d2412211630ab1c
cloud	DELETE	/certificates/{id}	delete_certificate	path	id	yes	integer	int64		simple	no	[]	"{""maximum"":9007199254740991,""minimum"":1}"	d6b4c07803afd497b5fa524b50712cd69b5b7b0bce4e48238d2412211630ab1c
cloud	GET	/certificates/{id}	get_certificate	path	id	yes	integer	int64		simple	no	[]	"{""maximum"":9007199254740991,""minimum"":1}"	d6b4c07803afd497b5fa524b50712cd69b5b7b0bce4e48238d2412211630ab1c
cloud	PUT	/certificates/{id}	update_certificate	path	id	yes	integer	int64		simple	no	[]	"{""maximum"":9007199254740991,""minimum"":1}"	d6b4c07803afd497b5fa524b50712cd69b5b7b0bce4e48238d2412211630ab1c
cloud	GET	/certificates/{id}/actions	list_certificate_actions	path	id	yes	integer	int64		simple	no	[]	"{""maximum"":9007199254740991,""minimum"":1}"	d6b4c07803afd497b5fa524b50712cd69b5b7b0bce4e48238d2412211630ab1c
cloud	GET	/certificates/{id}/actions	list_certificate_actions	query	page	no	integer	int64		form	yes	[]	{}	49951a13ec443bf813598679ed9e41c433d2f85b918c79ed5e31c14c1fb6ff6a
cloud	GET	/certificates/{id}/actions	list_certificate_actions	query	per_page	no	integer	int64		form	yes	[]	{}	6e614a6688b4fcf1d3affb5e83c7ee6684120a11533b4f756e3a56e128cce2fe
cloud	GET	/certificates/{id}/actions	list_certificate_actions	query	sort	no	array		string	form	yes	"[""id"",""id:asc"",""id:desc"",""command"",""command:asc"",""command:desc"",""status"",""status:asc"",""status:desc"",""started"",""started:asc"",""started:desc"",""finished"",""finished:asc"",""finished:desc""]"	{}	e073e7d95c82b52ffdf9ab24de877735d0fd3c5e2711b719d01c25b9e1ecc093
cloud	GET	/certificates/{id}/actions	list_certificate_actions	query	status	no	array		string	form	yes	"[""running"",""success"",""error""]"	{}	515ddd242f9d681acb620a14e1dab7ebaae911f39e8da17ba21126a8ba21b7db
cloud	POST	/certificates/{id}/actions/retry	retry_certificate	path	id	yes	integer	int64		simple	no	[]	"{""maximum"":9007199254740991,""minimum"":1}"	d6b4c07803afd497b5fa524b50712cd69b5b7b0bce4e48238d2412211630ab1c
cloud	GET	/certificates/{id}/actions/{action_id}	get_certificate_action	path	action_id	yes	integer	int64		simple	no	[]	"{""maximum"":9007199254740991,""minimum"":1}"	293372cabd5bfe7cbac6682fa699c26b1ef93d7bbbde99b04737977e5d12e702
cloud	GET	/certificates/{id}/actions/{action_id}	get_certificate_action	path	id	yes	integer	int64		simple	no	[]	"{""maximum"":9007199254740991,""minimum"":1}"	d6b4c07803afd497b5fa524b50712cd69b5b7b0bce4e48238d2412211630ab1c
cloud	GET	/datacenters	list_datacenters	query	name	no	string			form	yes	[]	{}	c0ad0671fb2f469fef6db68ad58a6937602a936a3df5e599296a62fded257394
cloud	GET	/datacenters	list_datacenters	query	page	no	integer	int64		form	yes	[]	{}	49951a13ec443bf813598679ed9e41c433d2f85b918c79ed5e31c14c1fb6ff6a
cloud	GET	/datacenters	list_datacenters	query	per_page	no	integer	int64		form	yes	[]	{}	6e614a6688b4fcf1d3affb5e83c7ee6684120a11533b4f756e3a56e128cce2fe
cloud	GET	/datacenters	list_datacenters	query	sort	no	array		string	form	yes	"[""id"",""id:asc"",""id:desc"",""name"",""name:asc"",""name:desc""]"	{}	0f28e79b305db9e8fbceaa511b4fc26d146218ec85d770b45d282040d366c2e7
cloud	GET	/datacenters/{id}	get_datacenter	path	id	yes	integer	int64		simple	no	[]	"{""maximum"":9007199254740991,""minimum"":1}"	d6b4c07803afd497b5fa524b50712cd69b5b7b0bce4e48238d2412211630ab1c
cloud	GET	/firewalls	list_firewalls	query	label_selector	no	string			form	yes	[]	{}	34409838baa32e96bfe5a5351a68ee5e9f443f670093da099bc1c087bea7b0db
cloud	GET	/firewalls	list_firewalls	query	name	no	string			form	yes	[]	{}	c0ad0671fb2f469fef6db68ad58a6937602a936a3df5e599296a62fded257394
cloud	GET	/firewalls	list_firewalls	query	page	no	integer	int64		form	yes	[]	{}	49951a13ec443bf813598679ed9e41c433d2f85b918c79ed5e31c14c1fb6ff6a
cloud	GET	/firewalls	list_firewalls	query	per_page	no	integer	int64		form	yes	[]	{}	6e614a6688b4fcf1d3affb5e83c7ee6684120a11533b4f756e3a56e128cce2fe
cloud	GET	/firewalls	list_firewalls	query	sort	no	array		string	form	yes	"[""id"",""id:asc"",""id:desc"",""name"",""name:asc"",""name:desc"",""created"",""created:asc"",""created:desc""]"	{}	07bff43e34756fb7d2447e01aee4be72ebaef5e830ff97adfa18ce8843cc18c4
cloud	GET	/firewalls/actions	list_firewalls_actions	query	id	no	array		integer	form	yes	[]	{}	2d8b77ea2e81a340f3e827128f1d4484364ffd1af75bdb7c99ac15ed457769e9
cloud	GET	/firewalls/actions	list_firewalls_actions	query	page	no	integer	int64		form	yes	[]	{}	49951a13ec443bf813598679ed9e41c433d2f85b918c79ed5e31c14c1fb6ff6a
cloud	GET	/firewalls/actions	list_firewalls_actions	query	per_page	no	integer	int64		form	yes	[]	{}	6e614a6688b4fcf1d3affb5e83c7ee6684120a11533b4f756e3a56e128cce2fe
cloud	GET	/firewalls/actions	list_firewalls_actions	query	sort	no	array		string	form	yes	"[""id"",""id:asc"",""id:desc"",""command"",""command:asc"",""command:desc"",""status"",""status:asc"",""status:desc"",""started"",""started:asc"",""started:desc"",""finished"",""finished:asc"",""finished:desc""]"	{}	e073e7d95c82b52ffdf9ab24de877735d0fd3c5e2711b719d01c25b9e1ecc093
cloud	GET	/firewalls/actions	list_firewalls_actions	query	status	no	array		string	form	yes	"[""running"",""success"",""error""]"	{}	515ddd242f9d681acb620a14e1dab7ebaae911f39e8da17ba21126a8ba21b7db
cloud	GET	/firewalls/actions/{id}	get_firewalls_action	path	id	yes	integer	int64		simple	no	[]	"{""maximum"":9007199254740991,""minimum"":1}"	d6b4c07803afd497b5fa524b50712cd69b5b7b0bce4e48238d2412211630ab1c
cloud	DELETE	/firewalls/{id}	delete_firewall	path	id	yes	integer	int64		simple	no	[]	"{""maximum"":9007199254740991,""minimum"":1}"	d6b4c07803afd497b5fa524b50712cd69b5b7b0bce4e48238d2412211630ab1c
cloud	GET	/firewalls/{id}	get_firewall	path	id	yes	integer	int64		simple	no	[]	"{""maximum"":9007199254740991,""minimum"":1}"	d6b4c07803afd497b5fa524b50712cd69b5b7b0bce4e48238d2412211630ab1c
cloud	PUT	/firewalls/{id}	update_firewall	path	id	yes	integer	int64		simple	no	[]	"{""maximum"":9007199254740991,""minimum"":1}"	d6b4c07803afd497b5fa524b50712cd69b5b7b0bce4e48238d2412211630ab1c
cloud	GET	/firewalls/{id}/actions	list_firewall_actions	path	id	yes	integer	int64		simple	no	[]	"{""maximum"":9007199254740991,""minimum"":1}"	d6b4c07803afd497b5fa524b50712cd69b5b7b0bce4e48238d2412211630ab1c
cloud	GET	/firewalls/{id}/actions	list_firewall_actions	query	page	no	integer	int64		form	yes	[]	{}	49951a13ec443bf813598679ed9e41c433d2f85b918c79ed5e31c14c1fb6ff6a
cloud	GET	/firewalls/{id}/actions	list_firewall_actions	query	per_page	no	integer	int64		form	yes	[]	{}	6e614a6688b4fcf1d3affb5e83c7ee6684120a11533b4f756e3a56e128cce2fe
cloud	GET	/firewalls/{id}/actions	list_firewall_actions	query	sort	no	array		string	form	yes	"[""id"",""id:asc"",""id:desc"",""command"",""command:asc"",""command:desc"",""status"",""status:asc"",""status:desc"",""started"",""started:asc"",""started:desc"",""finished"",""finished:asc"",""finished:desc""]"	{}	e073e7d95c82b52ffdf9ab24de877735d0fd3c5e2711b719d01c25b9e1ecc093
cloud	GET	/firewalls/{id}/actions	list_firewall_actions	query	status	no	array		string	form	yes	"[""running"",""success"",""error""]"	{}	515ddd242f9d681acb620a14e1dab7ebaae911f39e8da17ba21126a8ba21b7db
cloud	POST	/firewalls/{id}/actions/apply_to_resources	apply_firewall_to_resources	path	id	yes	integer	int64		simple	no	[]	"{""maximum"":9007199254740991,""minimum"":1}"	d6b4c07803afd497b5fa524b50712cd69b5b7b0bce4e48238d2412211630ab1c
cloud	POST	/firewalls/{id}/actions/remove_from_resources	remove_firewall_from_resources	path	id	yes	integer	int64		simple	no	[]	"{""maximum"":9007199254740991,""minimum"":1}"	d6b4c07803afd497b5fa524b50712cd69b5b7b0bce4e48238d2412211630ab1c
cloud	POST	/firewalls/{id}/actions/set_rules	set_firewall_rules	path	id	yes	integer	int64		simple	no	[]	"{""maximum"":9007199254740991,""minimum"":1}"	d6b4c07803afd497b5fa524b50712cd69b5b7b0bce4e48238d2412211630ab1c
cloud	GET	/firewalls/{id}/actions/{action_id}	get_firewall_action	path	action_id	yes	integer	int64		simple	no	[]	"{""maximum"":9007199254740991,""minimum"":1}"	293372cabd5bfe7cbac6682fa699c26b1ef93d7bbbde99b04737977e5d12e702
cloud	GET	/firewalls/{id}/actions/{action_id}	get_firewall_action	path	id	yes	integer	int64		simple	no	[]	"{""maximum"":9007199254740991,""minimum"":1}"	d6b4c07803afd497b5fa524b50712cd69b5b7b0bce4e48238d2412211630ab1c
cloud	GET	/floating_ips	list_floating_ips	query	label_selector	no	string			form	yes	[]	{}	34409838baa32e96bfe5a5351a68ee5e9f443f670093da099bc1c087bea7b0db
cloud	GET	/floating_ips	list_floating_ips	query	name	no	string			form	yes	[]	{}	c0ad0671fb2f469fef6db68ad58a6937602a936a3df5e599296a62fded257394
cloud	GET	/floating_ips	list_floating_ips	query	page	no	integer	int64		form	yes	[]	{}	49951a13ec443bf813598679ed9e41c433d2f85b918c79ed5e31c14c1fb6ff6a
cloud	GET	/floating_ips	list_floating_ips	query	per_page	no	integer	int64		form	yes	[]	{}	6e614a6688b4fcf1d3affb5e83c7ee6684120a11533b4f756e3a56e128cce2fe
cloud	GET	/floating_ips	list_floating_ips	query	sort	no	array		string	form	yes	"[""id"",""id:asc"",""id:desc"",""created"",""created:asc"",""created:desc""]"	{}	d3d02fb182e976586b958edbe1974252068fa5656b30b5a0d357142fd7d3f6df
cloud	GET	/floating_ips/actions	list_floating_ips_actions	query	id	no	array		integer	form	yes	[]	{}	2d8b77ea2e81a340f3e827128f1d4484364ffd1af75bdb7c99ac15ed457769e9
cloud	GET	/floating_ips/actions	list_floating_ips_actions	query	page	no	integer	int64		form	yes	[]	{}	49951a13ec443bf813598679ed9e41c433d2f85b918c79ed5e31c14c1fb6ff6a
cloud	GET	/floating_ips/actions	list_floating_ips_actions	query	per_page	no	integer	int64		form	yes	[]	{}	6e614a6688b4fcf1d3affb5e83c7ee6684120a11533b4f756e3a56e128cce2fe
cloud	GET	/floating_ips/actions	list_floating_ips_actions	query	sort	no	array		string	form	yes	"[""id"",""id:asc"",""id:desc"",""command"",""command:asc"",""command:desc"",""status"",""status:asc"",""status:desc"",""started"",""started:asc"",""started:desc"",""finished"",""finished:asc"",""finished:desc""]"	{}	e073e7d95c82b52ffdf9ab24de877735d0fd3c5e2711b719d01c25b9e1ecc093
cloud	GET	/floating_ips/actions	list_floating_ips_actions	query	status	no	array		string	form	yes	"[""running"",""success"",""error""]"	{}	515ddd242f9d681acb620a14e1dab7ebaae911f39e8da17ba21126a8ba21b7db
cloud	GET	/floating_ips/actions/{id}	get_floating_ips_action	path	id	yes	integer	int64		simple	no	[]	"{""maximum"":9007199254740991,""minimum"":1}"	d6b4c07803afd497b5fa524b50712cd69b5b7b0bce4e48238d2412211630ab1c
cloud	DELETE	/floating_ips/{id}	delete_floating_ip	path	id	yes	integer	int64		simple	no	[]	"{""maximum"":9007199254740991,""minimum"":1}"	d6b4c07803afd497b5fa524b50712cd69b5b7b0bce4e48238d2412211630ab1c
cloud	GET	/floating_ips/{id}	get_floating_ip	path	id	yes	integer	int64		simple	no	[]	"{""maximum"":9007199254740991,""minimum"":1}"	d6b4c07803afd497b5fa524b50712cd69b5b7b0bce4e48238d2412211630ab1c
cloud	PUT	/floating_ips/{id}	update_floating_ip	path	id	yes	integer	int64		simple	no	[]	"{""maximum"":9007199254740991,""minimum"":1}"	d6b4c07803afd497b5fa524b50712cd69b5b7b0bce4e48238d2412211630ab1c
cloud	GET	/floating_ips/{id}/actions	list_floating_ip_actions	path	id	yes	integer	int64		simple	no	[]	"{""maximum"":9007199254740991,""minimum"":1}"	d6b4c07803afd497b5fa524b50712cd69b5b7b0bce4e48238d2412211630ab1c
cloud	GET	/floating_ips/{id}/actions	list_floating_ip_actions	query	page	no	integer	int64		form	yes	[]	{}	49951a13ec443bf813598679ed9e41c433d2f85b918c79ed5e31c14c1fb6ff6a
cloud	GET	/floating_ips/{id}/actions	list_floating_ip_actions	query	per_page	no	integer	int64		form	yes	[]	{}	6e614a6688b4fcf1d3affb5e83c7ee6684120a11533b4f756e3a56e128cce2fe
cloud	GET	/floating_ips/{id}/actions	list_floating_ip_actions	query	sort	no	array		string	form	yes	"[""id"",""id:asc"",""id:desc"",""command"",""command:asc"",""command:desc"",""status"",""status:asc"",""status:desc"",""started"",""started:asc"",""started:desc"",""finished"",""finished:asc"",""finished:desc""]"	{}	e073e7d95c82b52ffdf9ab24de877735d0fd3c5e2711b719d01c25b9e1ecc093
cloud	GET	/floating_ips/{id}/actions	list_floating_ip_actions	query	status	no	array		string	form	yes	"[""running"",""success"",""error""]"	{}	515ddd242f9d681acb620a14e1dab7ebaae911f39e8da17ba21126a8ba21b7db
cloud	POST	/floating_ips/{id}/actions/assign	assign_floating_ip	path	id	yes	integer	int64		simple	no	[]	"{""maximum"":9007199254740991,""minimum"":1}"	d6b4c07803afd497b5fa524b50712cd69b5b7b0bce4e48238d2412211630ab1c
cloud	POST	/floating_ips/{id}/actions/change_dns_ptr	change_floating_ip_dns_ptr	path	id	yes	integer	int64		simple	no	[]	"{""maximum"":9007199254740991,""minimum"":1}"	d6b4c07803afd497b5fa524b50712cd69b5b7b0bce4e48238d2412211630ab1c
cloud	POST	/floating_ips/{id}/actions/change_protection	change_floating_ip_protection	path	id	yes	integer	int64		simple	no	[]	"{""maximum"":9007199254740991,""minimum"":1}"	d6b4c07803afd497b5fa524b50712cd69b5b7b0bce4e48238d2412211630ab1c
cloud	POST	/floating_ips/{id}/actions/unassign	unassign_floating_ip	path	id	yes	integer	int64		simple	no	[]	"{""maximum"":9007199254740991,""minimum"":1}"	d6b4c07803afd497b5fa524b50712cd69b5b7b0bce4e48238d2412211630ab1c
cloud	GET	/floating_ips/{id}/actions/{action_id}	get_floating_ip_action	path	action_id	yes	integer	int64		simple	no	[]	"{""maximum"":9007199254740991,""minimum"":1}"	293372cabd5bfe7cbac6682fa699c26b1ef93d7bbbde99b04737977e5d12e702
cloud	GET	/floating_ips/{id}/actions/{action_id}	get_floating_ip_action	path	id	yes	integer	int64		simple	no	[]	"{""maximum"":9007199254740991,""minimum"":1}"	d6b4c07803afd497b5fa524b50712cd69b5b7b0bce4e48238d2412211630ab1c
cloud	GET	/images	list_images	query	architecture	no	string			form	yes	"[""x86"",""arm""]"	{}	69d7c46e4cf66c5bd3ff8835fdfa959ecc0888e87e5667127b688464f56f7c83
cloud	GET	/images	list_images	query	bound_to	no	array		string	form	yes	[]	{}	2f6cb7a3107320924fd9d817f26a93d5c5eb103e67a25fa4adafa89a07630556
cloud	GET	/images	list_images	query	include_deprecated	no	boolean			form	yes	[]	{}	3ae2937bf513c4d3dd98c3ae966c02113234d6304639decc4c67393849dcf8a9
cloud	GET	/images	list_images	query	label_selector	no	string			form	yes	[]	{}	34409838baa32e96bfe5a5351a68ee5e9f443f670093da099bc1c087bea7b0db
cloud	GET	/images	list_images	query	name	no	string			form	yes	[]	{}	c0ad0671fb2f469fef6db68ad58a6937602a936a3df5e599296a62fded257394
cloud	GET	/images	list_images	query	page	no	integer	int64		form	yes	[]	{}	49951a13ec443bf813598679ed9e41c433d2f85b918c79ed5e31c14c1fb6ff6a
cloud	GET	/images	list_images	query	per_page	no	integer	int64		form	yes	[]	{}	6e614a6688b4fcf1d3affb5e83c7ee6684120a11533b4f756e3a56e128cce2fe
cloud	GET	/images	list_images	query	sort	no	array		string	form	yes	"[""id"",""id:asc"",""id:desc"",""name"",""name:asc"",""name:desc"",""created"",""created:asc"",""created:desc""]"	{}	07bff43e34756fb7d2447e01aee4be72ebaef5e830ff97adfa18ce8843cc18c4
cloud	GET	/images	list_images	query	status	no	array		string	form	yes	"[""available"",""creating"",""unavailable""]"	{}	01cb98988d67fa11264c4050cdccf1e3b94d3abea62169d78c64a148266e14fb
cloud	GET	/images	list_images	query	type	no	array		string	form	yes	"[""system"",""app"",""snapshot"",""backup""]"	{}	fdad66dfb8afea6dc64e53e0bab1a466d51511fe1138426e9cb9286a9aacde06
cloud	GET	/images/actions	list_images_actions	query	id	no	array		integer	form	yes	[]	{}	2d8b77ea2e81a340f3e827128f1d4484364ffd1af75bdb7c99ac15ed457769e9
cloud	GET	/images/actions	list_images_actions	query	page	no	integer	int64		form	yes	[]	{}	49951a13ec443bf813598679ed9e41c433d2f85b918c79ed5e31c14c1fb6ff6a
cloud	GET	/images/actions	list_images_actions	query	per_page	no	integer	int64		form	yes	[]	{}	6e614a6688b4fcf1d3affb5e83c7ee6684120a11533b4f756e3a56e128cce2fe
cloud	GET	/images/actions	list_images_actions	query	sort	no	array		string	form	yes	"[""id"",""id:asc"",""id:desc"",""command"",""command:asc"",""command:desc"",""status"",""status:asc"",""status:desc"",""started"",""started:asc"",""started:desc"",""finished"",""finished:asc"",""finished:desc""]"	{}	e073e7d95c82b52ffdf9ab24de877735d0fd3c5e2711b719d01c25b9e1ecc093
cloud	GET	/images/actions	list_images_actions	query	status	no	array		string	form	yes	"[""running"",""success"",""error""]"	{}	515ddd242f9d681acb620a14e1dab7ebaae911f39e8da17ba21126a8ba21b7db
cloud	GET	/images/actions/{id}	get_images_action	path	id	yes	integer	int64		simple	no	[]	"{""maximum"":9007199254740991,""minimum"":1}"	d6b4c07803afd497b5fa524b50712cd69b5b7b0bce4e48238d2412211630ab1c
cloud	DELETE	/images/{id}	delete_image	path	id	yes	integer	int64		simple	no	[]	"{""maximum"":9007199254740991,""minimum"":1}"	d6b4c07803afd497b5fa524b50712cd69b5b7b0bce4e48238d2412211630ab1c
cloud	GET	/images/{id}	get_image	path	id	yes	integer	int64		simple	no	[]	"{""maximum"":9007199254740991,""minimum"":1}"	d6b4c07803afd497b5fa524b50712cd69b5b7b0bce4e48238d2412211630ab1c
cloud	PUT	/images/{id}	update_image	path	id	yes	integer	int64		simple	no	[]	"{""maximum"":9007199254740991,""minimum"":1}"	d6b4c07803afd497b5fa524b50712cd69b5b7b0bce4e48238d2412211630ab1c
cloud	GET	/images/{id}/actions	list_image_actions	path	id	yes	integer	int64		simple	no	[]	"{""maximum"":9007199254740991,""minimum"":1}"	d6b4c07803afd497b5fa524b50712cd69b5b7b0bce4e48238d2412211630ab1c
cloud	GET	/images/{id}/actions	list_image_actions	query	page	no	integer	int64		form	yes	[]	{}	49951a13ec443bf813598679ed9e41c433d2f85b918c79ed5e31c14c1fb6ff6a
cloud	GET	/images/{id}/actions	list_image_actions	query	per_page	no	integer	int64		form	yes	[]	{}	6e614a6688b4fcf1d3affb5e83c7ee6684120a11533b4f756e3a56e128cce2fe
cloud	GET	/images/{id}/actions	list_image_actions	query	sort	no	array		string	form	yes	"[""id"",""id:asc"",""id:desc"",""command"",""command:asc"",""command:desc"",""status"",""status:asc"",""status:desc"",""started"",""started:asc"",""started:desc"",""finished"",""finished:asc"",""finished:desc""]"	{}	e073e7d95c82b52ffdf9ab24de877735d0fd3c5e2711b719d01c25b9e1ecc093
cloud	GET	/images/{id}/actions	list_image_actions	query	status	no	array		string	form	yes	"[""running"",""success"",""error""]"	{}	515ddd242f9d681acb620a14e1dab7ebaae911f39e8da17ba21126a8ba21b7db
cloud	POST	/images/{id}/actions/change_protection	change_image_protection	path	id	yes	integer	int64		simple	no	[]	"{""maximum"":9007199254740991,""minimum"":1}"	d6b4c07803afd497b5fa524b50712cd69b5b7b0bce4e48238d2412211630ab1c
cloud	GET	/images/{id}/actions/{action_id}	get_image_action	path	action_id	yes	integer	int64		simple	no	[]	"{""maximum"":9007199254740991,""minimum"":1}"	293372cabd5bfe7cbac6682fa699c26b1ef93d7bbbde99b04737977e5d12e702
cloud	GET	/images/{id}/actions/{action_id}	get_image_action	path	id	yes	integer	int64		simple	no	[]	"{""maximum"":9007199254740991,""minimum"":1}"	d6b4c07803afd497b5fa524b50712cd69b5b7b0bce4e48238d2412211630ab1c
cloud	GET	/isos	list_isos	query	architecture	no	string			form	yes	"[""x86"",""arm""]"	{}	69d7c46e4cf66c5bd3ff8835fdfa959ecc0888e87e5667127b688464f56f7c83
cloud	GET	/isos	list_isos	query	include_architecture_wildcard	no	boolean			form	yes	[]	{}	977dc8559f3429f95cf62f27c2cdee3f29fc2d7f83ad0dee953329e751dbacb3
cloud	GET	/isos	list_isos	query	name	no	string			form	yes	[]	{}	c0ad0671fb2f469fef6db68ad58a6937602a936a3df5e599296a62fded257394
cloud	GET	/isos	list_isos	query	page	no	integer	int64		form	yes	[]	{}	49951a13ec443bf813598679ed9e41c433d2f85b918c79ed5e31c14c1fb6ff6a
cloud	GET	/isos	list_isos	query	per_page	no	integer	int64		form	yes	[]	{}	6e614a6688b4fcf1d3affb5e83c7ee6684120a11533b4f756e3a56e128cce2fe
cloud	GET	/isos/{id}	get_iso	path	id	yes	integer	int64		simple	no	[]	"{""maximum"":9007199254740991,""minimum"":1}"	d6b4c07803afd497b5fa524b50712cd69b5b7b0bce4e48238d2412211630ab1c
cloud	GET	/load_balancer_types	list_load_balancer_types	query	name	no	string			form	yes	[]	{}	c0ad0671fb2f469fef6db68ad58a6937602a936a3df5e599296a62fded257394
cloud	GET	/load_balancer_types	list_load_balancer_types	query	page	no	integer	int64		form	yes	[]	{}	49951a13ec443bf813598679ed9e41c433d2f85b918c79ed5e31c14c1fb6ff6a
cloud	GET	/load_balancer_types	list_load_balancer_types	query	per_page	no	integer	int64		form	yes	[]	{}	6e614a6688b4fcf1d3affb5e83c7ee6684120a11533b4f756e3a56e128cce2fe
cloud	GET	/load_balancer_types/{id}	get_load_balancer_type	path	id	yes	integer	int64		simple	no	[]	"{""maximum"":9007199254740991,""minimum"":1}"	d6b4c07803afd497b5fa524b50712cd69b5b7b0bce4e48238d2412211630ab1c
cloud	GET	/load_balancers	list_load_balancers	query	label_selector	no	string			form	yes	[]	{}	34409838baa32e96bfe5a5351a68ee5e9f443f670093da099bc1c087bea7b0db
cloud	GET	/load_balancers	list_load_balancers	query	name	no	string			form	yes	[]	{}	c0ad0671fb2f469fef6db68ad58a6937602a936a3df5e599296a62fded257394
cloud	GET	/load_balancers	list_load_balancers	query	page	no	integer	int64		form	yes	[]	{}	49951a13ec443bf813598679ed9e41c433d2f85b918c79ed5e31c14c1fb6ff6a
cloud	GET	/load_balancers	list_load_balancers	query	per_page	no	integer	int64		form	yes	[]	{}	6e614a6688b4fcf1d3affb5e83c7ee6684120a11533b4f756e3a56e128cce2fe
cloud	GET	/load_balancers	list_load_balancers	query	sort	no	array		string	form	yes	"[""id"",""id:asc"",""id:desc"",""name"",""name:asc"",""name:desc"",""created"",""created:asc"",""created:desc""]"	{}	07bff43e34756fb7d2447e01aee4be72ebaef5e830ff97adfa18ce8843cc18c4
cloud	GET	/load_balancers/actions	list_load_balancers_actions	query	id	no	array		integer	form	yes	[]	{}	2d8b77ea2e81a340f3e827128f1d4484364ffd1af75bdb7c99ac15ed457769e9
cloud	GET	/load_balancers/actions	list_load_balancers_actions	query	page	no	integer	int64		form	yes	[]	{}	49951a13ec443bf813598679ed9e41c433d2f85b918c79ed5e31c14c1fb6ff6a
cloud	GET	/load_balancers/actions	list_load_balancers_actions	query	per_page	no	integer	int64		form	yes	[]	{}	6e614a6688b4fcf1d3affb5e83c7ee6684120a11533b4f756e3a56e128cce2fe
cloud	GET	/load_balancers/actions	list_load_balancers_actions	query	sort	no	array		string	form	yes	"[""id"",""id:asc"",""id:desc"",""command"",""command:asc"",""command:desc"",""status"",""status:asc"",""status:desc"",""started"",""started:asc"",""started:desc"",""finished"",""finished:asc"",""finished:desc""]"	{}	e073e7d95c82b52ffdf9ab24de877735d0fd3c5e2711b719d01c25b9e1ecc093
cloud	GET	/load_balancers/actions	list_load_balancers_actions	query	status	no	array		string	form	yes	"[""running"",""success"",""error""]"	{}	515ddd242f9d681acb620a14e1dab7ebaae911f39e8da17ba21126a8ba21b7db
cloud	GET	/load_balancers/actions/{id}	get_load_balancers_action	path	id	yes	integer	int64		simple	no	[]	"{""maximum"":9007199254740991,""minimum"":1}"	d6b4c07803afd497b5fa524b50712cd69b5b7b0bce4e48238d2412211630ab1c
cloud	DELETE	/load_balancers/{id}	delete_load_balancer	path	id	yes	integer	int64		simple	no	[]	"{""maximum"":9007199254740991,""minimum"":1}"	d6b4c07803afd497b5fa524b50712cd69b5b7b0bce4e48238d2412211630ab1c
cloud	GET	/load_balancers/{id}	get_load_balancer	path	id	yes	integer	int64		simple	no	[]	"{""maximum"":9007199254740991,""minimum"":1}"	d6b4c07803afd497b5fa524b50712cd69b5b7b0bce4e48238d2412211630ab1c
cloud	PUT	/load_balancers/{id}	update_load_balancer	path	id	yes	integer	int64		simple	no	[]	"{""maximum"":9007199254740991,""minimum"":1}"	d6b4c07803afd497b5fa524b50712cd69b5b7b0bce4e48238d2412211630ab1c
cloud	GET	/load_balancers/{id}/actions	list_load_balancer_actions	path	id	yes	integer	int64		simple	no	[]	"{""maximum"":9007199254740991,""minimum"":1}"	d6b4c07803afd497b5fa524b50712cd69b5b7b0bce4e48238d2412211630ab1c
cloud	GET	/load_balancers/{id}/actions	list_load_balancer_actions	query	page	no	integer	int64		form	yes	[]	{}	49951a13ec443bf813598679ed9e41c433d2f85b918c79ed5e31c14c1fb6ff6a
cloud	GET	/load_balancers/{id}/actions	list_load_balancer_actions	query	per_page	no	integer	int64		form	yes	[]	{}	6e614a6688b4fcf1d3affb5e83c7ee6684120a11533b4f756e3a56e128cce2fe
cloud	GET	/load_balancers/{id}/actions	list_load_balancer_actions	query	sort	no	array		string	form	yes	"[""id"",""id:asc"",""id:desc"",""command"",""command:asc"",""command:desc"",""status"",""status:asc"",""status:desc"",""started"",""started:asc"",""started:desc"",""finished"",""finished:asc"",""finished:desc""]"	{}	e073e7d95c82b52ffdf9ab24de877735d0fd3c5e2711b719d01c25b9e1ecc093
cloud	GET	/load_balancers/{id}/actions	list_load_balancer_actions	query	status	no	array		string	form	yes	"[""running"",""success"",""error""]"	{}	515ddd242f9d681acb620a14e1dab7ebaae911f39e8da17ba21126a8ba21b7db
cloud	POST	/load_balancers/{id}/actions/add_service	add_load_balancer_service	path	id	yes	integer	int64		simple	no	[]	"{""maximum"":9007199254740991,""minimum"":1}"	d6b4c07803afd497b5fa524b50712cd69b5b7b0bce4e48238d2412211630ab1c
cloud	POST	/load_balancers/{id}/actions/add_target	add_load_balancer_target	path	id	yes	integer	int64		simple	no	[]	"{""maximum"":9007199254740991,""minimum"":1}"	d6b4c07803afd497b5fa524b50712cd69b5b7b0bce4e48238d2412211630ab1c
cloud	POST	/load_balancers/{id}/actions/attach_to_network	attach_load_balancer_to_network	path	id	yes	integer	int64		simple	no	[]	"{""maximum"":9007199254740991,""minimum"":1}"	d6b4c07803afd497b5fa524b50712cd69b5b7b0bce4e48238d2412211630ab1c
cloud	POST	/load_balancers/{id}/actions/change_algorithm	change_load_balancer_algorithm	path	id	yes	integer	int64		simple	no	[]	"{""maximum"":9007199254740991,""minimum"":1}"	d6b4c07803afd497b5fa524b50712cd69b5b7b0bce4e48238d2412211630ab1c
cloud	POST	/load_balancers/{id}/actions/change_dns_ptr	change_load_balancer_dns_ptr	path	id	yes	integer	int64		simple	no	[]	"{""maximum"":9007199254740991,""minimum"":1}"	d6b4c07803afd497b5fa524b50712cd69b5b7b0bce4e48238d2412211630ab1c
cloud	POST	/load_balancers/{id}/actions/change_protection	change_load_balancer_protection	path	id	yes	integer	int64		simple	no	[]	"{""maximum"":9007199254740991,""minimum"":1}"	d6b4c07803afd497b5fa524b50712cd69b5b7b0bce4e48238d2412211630ab1c
cloud	POST	/load_balancers/{id}/actions/change_type	change_load_balancer_type	path	id	yes	integer	int64		simple	no	[]	"{""maximum"":9007199254740991,""minimum"":1}"	d6b4c07803afd497b5fa524b50712cd69b5b7b0bce4e48238d2412211630ab1c
cloud	POST	/load_balancers/{id}/actions/delete_service	delete_load_balancer_service	path	id	yes	integer	int64		simple	no	[]	"{""maximum"":9007199254740991,""minimum"":1}"	d6b4c07803afd497b5fa524b50712cd69b5b7b0bce4e48238d2412211630ab1c
cloud	POST	/load_balancers/{id}/actions/detach_from_network	detach_load_balancer_from_network	path	id	yes	integer	int64		simple	no	[]	"{""maximum"":9007199254740991,""minimum"":1}"	d6b4c07803afd497b5fa524b50712cd69b5b7b0bce4e48238d2412211630ab1c
cloud	POST	/load_balancers/{id}/actions/disable_public_interface	disable_load_balancer_public_interface	path	id	yes	integer	int64		simple	no	[]	"{""maximum"":9007199254740991,""minimum"":1}"	d6b4c07803afd497b5fa524b50712cd69b5b7b0bce4e48238d2412211630ab1c
cloud	POST	/load_balancers/{id}/actions/enable_public_interface	enable_load_balancer_public_interface	path	id	yes	integer	int64		simple	no	[]	"{""maximum"":9007199254740991,""minimum"":1}"	d6b4c07803afd497b5fa524b50712cd69b5b7b0bce4e48238d2412211630ab1c
cloud	POST	/load_balancers/{id}/actions/remove_target	remove_load_balancer_target	path	id	yes	integer	int64		simple	no	[]	"{""maximum"":9007199254740991,""minimum"":1}"	d6b4c07803afd497b5fa524b50712cd69b5b7b0bce4e48238d2412211630ab1c
cloud	POST	/load_balancers/{id}/actions/update_service	update_load_balancer_service	path	id	yes	integer	int64		simple	no	[]	"{""maximum"":9007199254740991,""minimum"":1}"	d6b4c07803afd497b5fa524b50712cd69b5b7b0bce4e48238d2412211630ab1c
cloud	GET	/load_balancers/{id}/actions/{action_id}	get_load_balancer_action	path	action_id	yes	integer	int64		simple	no	[]	"{""maximum"":9007199254740991,""minimum"":1}"	293372cabd5bfe7cbac6682fa699c26b1ef93d7bbbde99b04737977e5d12e702
cloud	GET	/load_balancers/{id}/actions/{action_id}	get_load_balancer_action	path	id	yes	integer	int64		simple	no	[]	"{""maximum"":9007199254740991,""minimum"":1}"	d6b4c07803afd497b5fa524b50712cd69b5b7b0bce4e48238d2412211630ab1c
cloud	GET	/load_balancers/{id}/metrics	get_load_balancer_metrics	path	id	yes	integer	int64		simple	no	[]	"{""maximum"":9007199254740991,""minimum"":1}"	d6b4c07803afd497b5fa524b50712cd69b5b7b0bce4e48238d2412211630ab1c
cloud	GET	/load_balancers/{id}/metrics	get_load_balancer_metrics	query	end	yes	string			form	yes	[]	{}	452164ef82c15409816694093a8acd8ec29844bea633ba6fd078e587bc707988
cloud	GET	/load_balancers/{id}/metrics	get_load_balancer_metrics	query	start	yes	string			form	yes	[]	{}	547f107d65ea7f155911719d30492cedc6c1c3e202447cf3dba7ec5f84cbddb9
cloud	GET	/load_balancers/{id}/metrics	get_load_balancer_metrics	query	step	no	string			form	yes	[]	{}	8abad508f1e35f24738e41e32af457e3eedc2c164beef4786d9668dc73c55aef
cloud	GET	/load_balancers/{id}/metrics	get_load_balancer_metrics	query	type	yes	array		string	form	yes	"[""open_connections"",""connections_per_second"",""requests_per_second"",""bandwidth""]"	{}	7a8a4815b3200b227b1feaa888cda22241f7601f11aa170626e6a743b239c70b
cloud	GET	/locations	list_locations	query	name	no	string			form	yes	[]	{}	c0ad0671fb2f469fef6db68ad58a6937602a936a3df5e599296a62fded257394
cloud	GET	/locations	list_locations	query	page	no	integer	int64		form	yes	[]	{}	49951a13ec443bf813598679ed9e41c433d2f85b918c79ed5e31c14c1fb6ff6a
cloud	GET	/locations	list_locations	query	per_page	no	integer	int64		form	yes	[]	{}	6e614a6688b4fcf1d3affb5e83c7ee6684120a11533b4f756e3a56e128cce2fe
cloud	GET	/locations	list_locations	query	sort	no	array		string	form	yes	"[""id"",""id:asc"",""id:desc"",""name"",""name:asc"",""name:desc""]"	{}	0f28e79b305db9e8fbceaa511b4fc26d146218ec85d770b45d282040d366c2e7
cloud	GET	/locations/{id}	get_location	path	id	yes	integer	int64		simple	no	[]	"{""maximum"":9007199254740991,""minimum"":1}"	d6b4c07803afd497b5fa524b50712cd69b5b7b0bce4e48238d2412211630ab1c
cloud	GET	/networks	list_networks	query	label_selector	no	string			form	yes	[]	{}	34409838baa32e96bfe5a5351a68ee5e9f443f670093da099bc1c087bea7b0db
cloud	GET	/networks	list_networks	query	name	no	string			form	yes	[]	{}	c0ad0671fb2f469fef6db68ad58a6937602a936a3df5e599296a62fded257394
cloud	GET	/networks	list_networks	query	page	no	integer	int64		form	yes	[]	{}	49951a13ec443bf813598679ed9e41c433d2f85b918c79ed5e31c14c1fb6ff6a
cloud	GET	/networks	list_networks	query	per_page	no	integer	int64		form	yes	[]	{}	6e614a6688b4fcf1d3affb5e83c7ee6684120a11533b4f756e3a56e128cce2fe
cloud	GET	/networks	list_networks	query	sort	no	array		string	form	yes	"[""id"",""id:asc"",""id:desc"",""name"",""name:asc"",""name:desc"",""created"",""created:asc"",""created:desc""]"	{}	07bff43e34756fb7d2447e01aee4be72ebaef5e830ff97adfa18ce8843cc18c4
cloud	GET	/networks/actions	list_networks_actions	query	id	no	array		integer	form	yes	[]	{}	2d8b77ea2e81a340f3e827128f1d4484364ffd1af75bdb7c99ac15ed457769e9
cloud	GET	/networks/actions	list_networks_actions	query	page	no	integer	int64		form	yes	[]	{}	49951a13ec443bf813598679ed9e41c433d2f85b918c79ed5e31c14c1fb6ff6a
cloud	GET	/networks/actions	list_networks_actions	query	per_page	no	integer	int64		form	yes	[]	{}	6e614a6688b4fcf1d3affb5e83c7ee6684120a11533b4f756e3a56e128cce2fe
cloud	GET	/networks/actions	list_networks_actions	query	sort	no	array		string	form	yes	"[""id"",""id:asc"",""id:desc"",""command"",""command:asc"",""command:desc"",""status"",""status:asc"",""status:desc"",""started"",""started:asc"",""started:desc"",""finished"",""finished:asc"",""finished:desc""]"	{}	e073e7d95c82b52ffdf9ab24de877735d0fd3c5e2711b719d01c25b9e1ecc093
cloud	GET	/networks/actions	list_networks_actions	query	status	no	array		string	form	yes	"[""running"",""success"",""error""]"	{}	515ddd242f9d681acb620a14e1dab7ebaae911f39e8da17ba21126a8ba21b7db
cloud	GET	/networks/actions/{id}	get_networks_action	path	id	yes	integer	int64		simple	no	[]	"{""maximum"":9007199254740991,""minimum"":1}"	d6b4c07803afd497b5fa524b50712cd69b5b7b0bce4e48238d2412211630ab1c
cloud	DELETE	/networks/{id}	delete_network	path	id	yes	integer	int64		simple	no	[]	"{""maximum"":9007199254740991,""minimum"":1}"	d6b4c07803afd497b5fa524b50712cd69b5b7b0bce4e48238d2412211630ab1c
cloud	GET	/networks/{id}	get_network	path	id	yes	integer	int64		simple	no	[]	"{""maximum"":9007199254740991,""minimum"":1}"	d6b4c07803afd497b5fa524b50712cd69b5b7b0bce4e48238d2412211630ab1c
cloud	PUT	/networks/{id}	update_network	path	id	yes	integer	int64		simple	no	[]	"{""maximum"":9007199254740991,""minimum"":1}"	d6b4c07803afd497b5fa524b50712cd69b5b7b0bce4e48238d2412211630ab1c
cloud	GET	/networks/{id}/actions	list_network_actions	path	id	yes	integer	int64		simple	no	[]	"{""maximum"":9007199254740991,""minimum"":1}"	d6b4c07803afd497b5fa524b50712cd69b5b7b0bce4e48238d2412211630ab1c
cloud	GET	/networks/{id}/actions	list_network_actions	query	page	no	integer	int64		form	yes	[]	{}	49951a13ec443bf813598679ed9e41c433d2f85b918c79ed5e31c14c1fb6ff6a
cloud	GET	/networks/{id}/actions	list_network_actions	query	per_page	no	integer	int64		form	yes	[]	{}	6e614a6688b4fcf1d3affb5e83c7ee6684120a11533b4f756e3a56e128cce2fe
cloud	GET	/networks/{id}/actions	list_network_actions	query	sort	no	array		string	form	yes	"[""id"",""id:asc"",""id:desc"",""command"",""command:asc"",""command:desc"",""status"",""status:asc"",""status:desc"",""started"",""started:asc"",""started:desc"",""finished"",""finished:asc"",""finished:desc""]"	{}	e073e7d95c82b52ffdf9ab24de877735d0fd3c5e2711b719d01c25b9e1ecc093
cloud	GET	/networks/{id}/actions	list_network_actions	query	status	no	array		string	form	yes	"[""running"",""success"",""error""]"	{}	515ddd242f9d681acb620a14e1dab7ebaae911f39e8da17ba21126a8ba21b7db
cloud	POST	/networks/{id}/actions/add_route	add_network_route	path	id	yes	integer	int64		simple	no	[]	"{""maximum"":9007199254740991,""minimum"":1}"	d6b4c07803afd497b5fa524b50712cd69b5b7b0bce4e48238d2412211630ab1c
cloud	POST	/networks/{id}/actions/add_subnet	add_network_subnet	path	id	yes	integer	int64		simple	no	[]	"{""maximum"":9007199254740991,""minimum"":1}"	d6b4c07803afd497b5fa524b50712cd69b5b7b0bce4e48238d2412211630ab1c
cloud	POST	/networks/{id}/actions/change_ip_range	change_network_ip_range	path	id	yes	integer	int64		simple	no	[]	"{""maximum"":9007199254740991,""minimum"":1}"	d6b4c07803afd497b5fa524b50712cd69b5b7b0bce4e48238d2412211630ab1c
cloud	POST	/networks/{id}/actions/change_protection	change_network_protection	path	id	yes	integer	int64		simple	no	[]	"{""maximum"":9007199254740991,""minimum"":1}"	d6b4c07803afd497b5fa524b50712cd69b5b7b0bce4e48238d2412211630ab1c
cloud	POST	/networks/{id}/actions/delete_route	delete_network_route	path	id	yes	integer	int64		simple	no	[]	"{""maximum"":9007199254740991,""minimum"":1}"	d6b4c07803afd497b5fa524b50712cd69b5b7b0bce4e48238d2412211630ab1c
cloud	POST	/networks/{id}/actions/delete_subnet	delete_network_subnet	path	id	yes	integer	int64		simple	no	[]	"{""maximum"":9007199254740991,""minimum"":1}"	d6b4c07803afd497b5fa524b50712cd69b5b7b0bce4e48238d2412211630ab1c
cloud	GET	/networks/{id}/actions/{action_id}	get_network_action	path	action_id	yes	integer	int64		simple	no	[]	"{""maximum"":9007199254740991,""minimum"":1}"	293372cabd5bfe7cbac6682fa699c26b1ef93d7bbbde99b04737977e5d12e702
cloud	GET	/networks/{id}/actions/{action_id}	get_network_action	path	id	yes	integer	int64		simple	no	[]	"{""maximum"":9007199254740991,""minimum"":1}"	d6b4c07803afd497b5fa524b50712cd69b5b7b0bce4e48238d2412211630ab1c
cloud	GET	/placement_groups	list_placement_groups	query	label_selector	no	string			form	yes	[]	{}	34409838baa32e96bfe5a5351a68ee5e9f443f670093da099bc1c087bea7b0db
cloud	GET	/placement_groups	list_placement_groups	query	name	no	string			form	yes	[]	{}	c0ad0671fb2f469fef6db68ad58a6937602a936a3df5e599296a62fded257394
cloud	GET	/placement_groups	list_placement_groups	query	page	no	integer	int64		form	yes	[]	{}	49951a13ec443bf813598679ed9e41c433d2f85b918c79ed5e31c14c1fb6ff6a
cloud	GET	/placement_groups	list_placement_groups	query	per_page	no	integer	int64		form	yes	[]	{}	6e614a6688b4fcf1d3affb5e83c7ee6684120a11533b4f756e3a56e128cce2fe
cloud	GET	/placement_groups	list_placement_groups	query	sort	no	array		string	form	yes	"[""id"",""id:asc"",""id:desc"",""name"",""name:asc"",""name:desc"",""created"",""created:asc"",""created:desc""]"	{}	07bff43e34756fb7d2447e01aee4be72ebaef5e830ff97adfa18ce8843cc18c4
cloud	GET	/placement_groups	list_placement_groups	query	type	no	array		string	form	yes	"[""spread""]"	{}	706bd82154eb96965aff9f669290525544d743cdb2403ec50fe006f7d3756ea4
cloud	DELETE	/placement_groups/{id}	delete_placement_group	path	id	yes	integer	int64		simple	no	[]	"{""maximum"":9007199254740991,""minimum"":1}"	d6b4c07803afd497b5fa524b50712cd69b5b7b0bce4e48238d2412211630ab1c
cloud	GET	/placement_groups/{id}	get_placement_group	path	id	yes	integer	int64		simple	no	[]	"{""maximum"":9007199254740991,""minimum"":1}"	d6b4c07803afd497b5fa524b50712cd69b5b7b0bce4e48238d2412211630ab1c
cloud	PUT	/placement_groups/{id}	update_placement_group	path	id	yes	integer	int64		simple	no	[]	"{""maximum"":9007199254740991,""minimum"":1}"	d6b4c07803afd497b5fa524b50712cd69b5b7b0bce4e48238d2412211630ab1c
cloud	GET	/primary_ips	list_primary_ips	query	ip	no	string			form	yes	[]	{}	7a5fb42b2579076837e1c31bdeaf3e4f937f250e001b45f5571caaa561d76a51
cloud	GET	/primary_ips	list_primary_ips	query	label_selector	no	string			form	yes	[]	{}	34409838baa32e96bfe5a5351a68ee5e9f443f670093da099bc1c087bea7b0db
cloud	GET	/primary_ips	list_primary_ips	query	name	no	string			form	yes	[]	{}	c0ad0671fb2f469fef6db68ad58a6937602a936a3df5e599296a62fded257394
cloud	GET	/primary_ips	list_primary_ips	query	page	no	integer	int64		form	yes	[]	{}	49951a13ec443bf813598679ed9e41c433d2f85b918c79ed5e31c14c1fb6ff6a
cloud	GET	/primary_ips	list_primary_ips	query	per_page	no	integer	int64		form	yes	[]	{}	6e614a6688b4fcf1d3affb5e83c7ee6684120a11533b4f756e3a56e128cce2fe
cloud	GET	/primary_ips	list_primary_ips	query	sort	no	array		string	form	yes	"[""id"",""id:asc"",""id:desc"",""created"",""created:asc"",""created:desc""]"	{}	d3d02fb182e976586b958edbe1974252068fa5656b30b5a0d357142fd7d3f6df
cloud	GET	/primary_ips/actions	list_primary_ips_actions	query	id	no	array		integer	form	yes	[]	{}	2d8b77ea2e81a340f3e827128f1d4484364ffd1af75bdb7c99ac15ed457769e9
cloud	GET	/primary_ips/actions	list_primary_ips_actions	query	page	no	integer	int64		form	yes	[]	{}	49951a13ec443bf813598679ed9e41c433d2f85b918c79ed5e31c14c1fb6ff6a
cloud	GET	/primary_ips/actions	list_primary_ips_actions	query	per_page	no	integer	int64		form	yes	[]	{}	6e614a6688b4fcf1d3affb5e83c7ee6684120a11533b4f756e3a56e128cce2fe
cloud	GET	/primary_ips/actions	list_primary_ips_actions	query	sort	no	array		string	form	yes	"[""id"",""id:asc"",""id:desc"",""command"",""command:asc"",""command:desc"",""status"",""status:asc"",""status:desc"",""started"",""started:asc"",""started:desc"",""finished"",""finished:asc"",""finished:desc""]"	{}	e073e7d95c82b52ffdf9ab24de877735d0fd3c5e2711b719d01c25b9e1ecc093
cloud	GET	/primary_ips/actions	list_primary_ips_actions	query	status	no	array		string	form	yes	"[""running"",""success"",""error""]"	{}	515ddd242f9d681acb620a14e1dab7ebaae911f39e8da17ba21126a8ba21b7db
cloud	GET	/primary_ips/actions/{id}	get_primary_ips_action	path	id	yes	integer	int64		simple	no	[]	"{""maximum"":9007199254740991,""minimum"":1}"	d6b4c07803afd497b5fa524b50712cd69b5b7b0bce4e48238d2412211630ab1c
cloud	DELETE	/primary_ips/{id}	delete_primary_ip	path	id	yes	integer	int64		simple	no	[]	"{""maximum"":9007199254740991,""minimum"":1}"	d6b4c07803afd497b5fa524b50712cd69b5b7b0bce4e48238d2412211630ab1c
cloud	GET	/primary_ips/{id}	get_primary_ip	path	id	yes	integer	int64		simple	no	[]	"{""maximum"":9007199254740991,""minimum"":1}"	d6b4c07803afd497b5fa524b50712cd69b5b7b0bce4e48238d2412211630ab1c
cloud	PUT	/primary_ips/{id}	update_primary_ip	path	id	yes	integer	int64		simple	no	[]	"{""maximum"":9007199254740991,""minimum"":1}"	d6b4c07803afd497b5fa524b50712cd69b5b7b0bce4e48238d2412211630ab1c
cloud	GET	/primary_ips/{id}/actions	list_primary_ip_actions	path	id	yes	integer	int64		simple	no	[]	"{""maximum"":9007199254740991,""minimum"":1}"	d6b4c07803afd497b5fa524b50712cd69b5b7b0bce4e48238d2412211630ab1c
cloud	GET	/primary_ips/{id}/actions	list_primary_ip_actions	query	page	no	integer	int64		form	yes	[]	{}	49951a13ec443bf813598679ed9e41c433d2f85b918c79ed5e31c14c1fb6ff6a
cloud	GET	/primary_ips/{id}/actions	list_primary_ip_actions	query	per_page	no	integer	int64		form	yes	[]	{}	6e614a6688b4fcf1d3affb5e83c7ee6684120a11533b4f756e3a56e128cce2fe
cloud	GET	/primary_ips/{id}/actions	list_primary_ip_actions	query	sort	no	array		string	form	yes	"[""id"",""id:asc"",""id:desc"",""command"",""command:asc"",""command:desc"",""status"",""status:asc"",""status:desc"",""started"",""started:asc"",""started:desc"",""finished"",""finished:asc"",""finished:desc""]"	{}	e073e7d95c82b52ffdf9ab24de877735d0fd3c5e2711b719d01c25b9e1ecc093
cloud	GET	/primary_ips/{id}/actions	list_primary_ip_actions	query	status	no	array		string	form	yes	"[""running"",""success"",""error""]"	{}	515ddd242f9d681acb620a14e1dab7ebaae911f39e8da17ba21126a8ba21b7db
cloud	POST	/primary_ips/{id}/actions/assign	assign_primary_ip	path	id	yes	integer	int64		simple	no	[]	"{""maximum"":9007199254740991,""minimum"":1}"	d6b4c07803afd497b5fa524b50712cd69b5b7b0bce4e48238d2412211630ab1c
cloud	POST	/primary_ips/{id}/actions/change_dns_ptr	change_primary_ip_dns_ptr	path	id	yes	integer	int64		simple	no	[]	"{""maximum"":9007199254740991,""minimum"":1}"	d6b4c07803afd497b5fa524b50712cd69b5b7b0bce4e48238d2412211630ab1c
cloud	POST	/primary_ips/{id}/actions/change_protection	change_primary_ip_protection	path	id	yes	integer	int64		simple	no	[]	"{""maximum"":9007199254740991,""minimum"":1}"	d6b4c07803afd497b5fa524b50712cd69b5b7b0bce4e48238d2412211630ab1c
cloud	POST	/primary_ips/{id}/actions/unassign	unassign_primary_ip	path	id	yes	integer	int64		simple	no	[]	"{""maximum"":9007199254740991,""minimum"":1}"	d6b4c07803afd497b5fa524b50712cd69b5b7b0bce4e48238d2412211630ab1c
cloud	GET	/primary_ips/{id}/actions/{action_id}	get_primary_ip_action	path	action_id	yes	integer	int64		simple	no	[]	"{""maximum"":9007199254740991,""minimum"":1}"	293372cabd5bfe7cbac6682fa699c26b1ef93d7bbbde99b04737977e5d12e702
cloud	GET	/primary_ips/{id}/actions/{action_id}	get_primary_ip_action	path	id	yes	integer	int64		simple	no	[]	"{""maximum"":9007199254740991,""minimum"":1}"	d6b4c07803afd497b5fa524b50712cd69b5b7b0bce4e48238d2412211630ab1c
cloud	GET	/server_types	list_server_types	query	name	no	string			form	yes	[]	{}	c0ad0671fb2f469fef6db68ad58a6937602a936a3df5e599296a62fded257394
cloud	GET	/server_types	list_server_types	query	page	no	integer	int64		form	yes	[]	{}	49951a13ec443bf813598679ed9e41c433d2f85b918c79ed5e31c14c1fb6ff6a
cloud	GET	/server_types	list_server_types	query	per_page	no	integer	int64		form	yes	[]	{}	6e614a6688b4fcf1d3affb5e83c7ee6684120a11533b4f756e3a56e128cce2fe
cloud	GET	/server_types/{id}	get_server_type	path	id	yes	integer	int64		simple	no	[]	"{""maximum"":9007199254740991,""minimum"":1}"	d6b4c07803afd497b5fa524b50712cd69b5b7b0bce4e48238d2412211630ab1c
cloud	GET	/servers	list_servers	query	label_selector	no	string			form	yes	[]	{}	34409838baa32e96bfe5a5351a68ee5e9f443f670093da099bc1c087bea7b0db
cloud	GET	/servers	list_servers	query	name	no	string			form	yes	[]	{}	c0ad0671fb2f469fef6db68ad58a6937602a936a3df5e599296a62fded257394
cloud	GET	/servers	list_servers	query	page	no	integer	int64		form	yes	[]	{}	49951a13ec443bf813598679ed9e41c433d2f85b918c79ed5e31c14c1fb6ff6a
cloud	GET	/servers	list_servers	query	per_page	no	integer	int64		form	yes	[]	{}	6e614a6688b4fcf1d3affb5e83c7ee6684120a11533b4f756e3a56e128cce2fe
cloud	GET	/servers	list_servers	query	sort	no	array		string	form	yes	"[""id"",""id:asc"",""id:desc"",""name"",""name:asc"",""name:desc"",""created"",""created:asc"",""created:desc""]"	{}	07bff43e34756fb7d2447e01aee4be72ebaef5e830ff97adfa18ce8843cc18c4
cloud	GET	/servers	list_servers	query	status	no	array		string	form	yes	"[""running"",""initializing"",""starting"",""stopping"",""off"",""deleting"",""migrating"",""rebuilding"",""unknown""]"	{}	f5aed49b93d394b701839ac605453818115eac758ff1f0ae6e2be18b901cc39d
cloud	GET	/servers/actions	list_servers_actions	query	id	no	array		integer	form	yes	[]	{}	2d8b77ea2e81a340f3e827128f1d4484364ffd1af75bdb7c99ac15ed457769e9
cloud	GET	/servers/actions	list_servers_actions	query	page	no	integer	int64		form	yes	[]	{}	49951a13ec443bf813598679ed9e41c433d2f85b918c79ed5e31c14c1fb6ff6a
cloud	GET	/servers/actions	list_servers_actions	query	per_page	no	integer	int64		form	yes	[]	{}	6e614a6688b4fcf1d3affb5e83c7ee6684120a11533b4f756e3a56e128cce2fe
cloud	GET	/servers/actions	list_servers_actions	query	sort	no	array		string	form	yes	"[""id"",""id:asc"",""id:desc"",""command"",""command:asc"",""command:desc"",""status"",""status:asc"",""status:desc"",""started"",""started:asc"",""started:desc"",""finished"",""finished:asc"",""finished:desc""]"	{}	e073e7d95c82b52ffdf9ab24de877735d0fd3c5e2711b719d01c25b9e1ecc093
cloud	GET	/servers/actions	list_servers_actions	query	status	no	array		string	form	yes	"[""running"",""success"",""error""]"	{}	515ddd242f9d681acb620a14e1dab7ebaae911f39e8da17ba21126a8ba21b7db
cloud	GET	/servers/actions/{id}	get_servers_action	path	id	yes	integer	int64		simple	no	[]	"{""maximum"":9007199254740991,""minimum"":1}"	d6b4c07803afd497b5fa524b50712cd69b5b7b0bce4e48238d2412211630ab1c
cloud	DELETE	/servers/{id}	delete_server	path	id	yes	integer	int64		simple	no	[]	"{""maximum"":9007199254740991,""minimum"":1}"	d6b4c07803afd497b5fa524b50712cd69b5b7b0bce4e48238d2412211630ab1c
cloud	GET	/servers/{id}	get_server	path	id	yes	integer	int64		simple	no	[]	"{""maximum"":9007199254740991,""minimum"":1}"	d6b4c07803afd497b5fa524b50712cd69b5b7b0bce4e48238d2412211630ab1c
cloud	PUT	/servers/{id}	update_server	path	id	yes	integer	int64		simple	no	[]	"{""maximum"":9007199254740991,""minimum"":1}"	d6b4c07803afd497b5fa524b50712cd69b5b7b0bce4e48238d2412211630ab1c
cloud	GET	/servers/{id}/actions	list_server_actions	path	id	yes	integer	int64		simple	no	[]	"{""maximum"":9007199254740991,""minimum"":1}"	d6b4c07803afd497b5fa524b50712cd69b5b7b0bce4e48238d2412211630ab1c
cloud	GET	/servers/{id}/actions	list_server_actions	query	page	no	integer	int64		form	yes	[]	{}	49951a13ec443bf813598679ed9e41c433d2f85b918c79ed5e31c14c1fb6ff6a
cloud	GET	/servers/{id}/actions	list_server_actions	query	per_page	no	integer	int64		form	yes	[]	{}	6e614a6688b4fcf1d3affb5e83c7ee6684120a11533b4f756e3a56e128cce2fe
cloud	GET	/servers/{id}/actions	list_server_actions	query	sort	no	array		string	form	yes	"[""id"",""id:asc"",""id:desc"",""command"",""command:asc"",""command:desc"",""status"",""status:asc"",""status:desc"",""started"",""started:asc"",""started:desc"",""finished"",""finished:asc"",""finished:desc""]"	{}	e073e7d95c82b52ffdf9ab24de877735d0fd3c5e2711b719d01c25b9e1ecc093
cloud	GET	/servers/{id}/actions	list_server_actions	query	status	no	array		string	form	yes	"[""running"",""success"",""error""]"	{}	515ddd242f9d681acb620a14e1dab7ebaae911f39e8da17ba21126a8ba21b7db
cloud	POST	/servers/{id}/actions/add_to_placement_group	add_server_to_placement_group	path	id	yes	integer	int64		simple	no	[]	"{""maximum"":9007199254740991,""minimum"":1}"	d6b4c07803afd497b5fa524b50712cd69b5b7b0bce4e48238d2412211630ab1c
cloud	POST	/servers/{id}/actions/attach_iso	attach_server_iso	path	id	yes	integer	int64		simple	no	[]	"{""maximum"":9007199254740991,""minimum"":1}"	d6b4c07803afd497b5fa524b50712cd69b5b7b0bce4e48238d2412211630ab1c
cloud	POST	/servers/{id}/actions/attach_to_network	attach_server_to_network	path	id	yes	integer	int64		simple	no	[]	"{""maximum"":9007199254740991,""minimum"":1}"	d6b4c07803afd497b5fa524b50712cd69b5b7b0bce4e48238d2412211630ab1c
cloud	POST	/servers/{id}/actions/change_alias_ips	change_server_alias_ips	path	id	yes	integer	int64		simple	no	[]	"{""maximum"":9007199254740991,""minimum"":1}"	d6b4c07803afd497b5fa524b50712cd69b5b7b0bce4e48238d2412211630ab1c
cloud	POST	/servers/{id}/actions/change_dns_ptr	change_server_dns_ptr	path	id	yes	integer	int64		simple	no	[]	"{""maximum"":9007199254740991,""minimum"":1}"	d6b4c07803afd497b5fa524b50712cd69b5b7b0bce4e48238d2412211630ab1c
cloud	POST	/servers/{id}/actions/change_protection	change_server_protection	path	id	yes	integer	int64		simple	no	[]	"{""maximum"":9007199254740991,""minimum"":1}"	d6b4c07803afd497b5fa524b50712cd69b5b7b0bce4e48238d2412211630ab1c
cloud	POST	/servers/{id}/actions/change_type	change_server_type	path	id	yes	integer	int64		simple	no	[]	"{""maximum"":9007199254740991,""minimum"":1}"	d6b4c07803afd497b5fa524b50712cd69b5b7b0bce4e48238d2412211630ab1c
cloud	POST	/servers/{id}/actions/create_image	create_server_image	path	id	yes	integer	int64		simple	no	[]	"{""maximum"":9007199254740991,""minimum"":1}"	d6b4c07803afd497b5fa524b50712cd69b5b7b0bce4e48238d2412211630ab1c
cloud	POST	/servers/{id}/actions/detach_from_network	detach_server_from_network	path	id	yes	integer	int64		simple	no	[]	"{""maximum"":9007199254740991,""minimum"":1}"	d6b4c07803afd497b5fa524b50712cd69b5b7b0bce4e48238d2412211630ab1c
cloud	POST	/servers/{id}/actions/detach_iso	detach_server_iso	path	id	yes	integer	int64		simple	no	[]	"{""maximum"":9007199254740991,""minimum"":1}"	d6b4c07803afd497b5fa524b50712cd69b5b7b0bce4e48238d2412211630ab1c
cloud	POST	/servers/{id}/actions/disable_backup	disable_server_backup	path	id	yes	integer	int64		simple	no	[]	"{""maximum"":9007199254740991,""minimum"":1}"	d6b4c07803afd497b5fa524b50712cd69b5b7b0bce4e48238d2412211630ab1c
cloud	POST	/servers/{id}/actions/disable_rescue	disable_server_rescue	path	id	yes	integer	int64		simple	no	[]	"{""maximum"":9007199254740991,""minimum"":1}"	d6b4c07803afd497b5fa524b50712cd69b5b7b0bce4e48238d2412211630ab1c
cloud	POST	/servers/{id}/actions/enable_backup	enable_server_backup	path	id	yes	integer	int64		simple	no	[]	"{""maximum"":9007199254740991,""minimum"":1}"	d6b4c07803afd497b5fa524b50712cd69b5b7b0bce4e48238d2412211630ab1c
cloud	POST	/servers/{id}/actions/enable_rescue	enable_server_rescue	path	id	yes	integer	int64		simple	no	[]	"{""maximum"":9007199254740991,""minimum"":1}"	d6b4c07803afd497b5fa524b50712cd69b5b7b0bce4e48238d2412211630ab1c
cloud	POST	/servers/{id}/actions/poweroff	poweroff_server	path	id	yes	integer	int64		simple	no	[]	"{""maximum"":9007199254740991,""minimum"":1}"	d6b4c07803afd497b5fa524b50712cd69b5b7b0bce4e48238d2412211630ab1c
cloud	POST	/servers/{id}/actions/poweron	poweron_server	path	id	yes	integer	int64		simple	no	[]	"{""maximum"":9007199254740991,""minimum"":1}"	d6b4c07803afd497b5fa524b50712cd69b5b7b0bce4e48238d2412211630ab1c
cloud	POST	/servers/{id}/actions/reboot	reboot_server	path	id	yes	integer	int64		simple	no	[]	"{""maximum"":9007199254740991,""minimum"":1}"	d6b4c07803afd497b5fa524b50712cd69b5b7b0bce4e48238d2412211630ab1c
cloud	POST	/servers/{id}/actions/rebuild	rebuild_server	path	id	yes	integer	int64		simple	no	[]	"{""maximum"":9007199254740991,""minimum"":1}"	d6b4c07803afd497b5fa524b50712cd69b5b7b0bce4e48238d2412211630ab1c
cloud	POST	/servers/{id}/actions/remove_from_placement_group	remove_server_from_placement_group	path	id	yes	integer	int64		simple	no	[]	"{""maximum"":9007199254740991,""minimum"":1}"	d6b4c07803afd497b5fa524b50712cd69b5b7b0bce4e48238d2412211630ab1c
cloud	POST	/servers/{id}/actions/request_console	request_server_console	path	id	yes	integer	int64		simple	no	[]	"{""maximum"":9007199254740991,""minimum"":1}"	d6b4c07803afd497b5fa524b50712cd69b5b7b0bce4e48238d2412211630ab1c
cloud	POST	/servers/{id}/actions/reset	reset_server	path	id	yes	integer	int64		simple	no	[]	"{""maximum"":9007199254740991,""minimum"":1}"	d6b4c07803afd497b5fa524b50712cd69b5b7b0bce4e48238d2412211630ab1c
cloud	POST	/servers/{id}/actions/reset_password	reset_server_password	path	id	yes	integer	int64		simple	no	[]	"{""maximum"":9007199254740991,""minimum"":1}"	d6b4c07803afd497b5fa524b50712cd69b5b7b0bce4e48238d2412211630ab1c
cloud	POST	/servers/{id}/actions/shutdown	shutdown_server	path	id	yes	integer	int64		simple	no	[]	"{""maximum"":9007199254740991,""minimum"":1}"	d6b4c07803afd497b5fa524b50712cd69b5b7b0bce4e48238d2412211630ab1c
cloud	GET	/servers/{id}/actions/{action_id}	get_server_action	path	action_id	yes	integer	int64		simple	no	[]	"{""maximum"":9007199254740991,""minimum"":1}"	293372cabd5bfe7cbac6682fa699c26b1ef93d7bbbde99b04737977e5d12e702
cloud	GET	/servers/{id}/actions/{action_id}	get_server_action	path	id	yes	integer	int64		simple	no	[]	"{""maximum"":9007199254740991,""minimum"":1}"	d6b4c07803afd497b5fa524b50712cd69b5b7b0bce4e48238d2412211630ab1c
cloud	GET	/servers/{id}/metrics	get_server_metrics	path	id	yes	integer	int64		simple	no	[]	"{""maximum"":9007199254740991,""minimum"":1}"	d6b4c07803afd497b5fa524b50712cd69b5b7b0bce4e48238d2412211630ab1c
cloud	GET	/servers/{id}/metrics	get_server_metrics	query	end	yes	string			form	yes	[]	{}	452164ef82c15409816694093a8acd8ec29844bea633ba6fd078e587bc707988
cloud	GET	/servers/{id}/metrics	get_server_metrics	query	start	yes	string			form	yes	[]	{}	547f107d65ea7f155911719d30492cedc6c1c3e202447cf3dba7ec5f84cbddb9
cloud	GET	/servers/{id}/metrics	get_server_metrics	query	step	no	string			form	yes	[]	{}	8abad508f1e35f24738e41e32af457e3eedc2c164beef4786d9668dc73c55aef
cloud	GET	/servers/{id}/metrics	get_server_metrics	query	type	yes	array		string	form	yes	"[""cpu"",""disk"",""network""]"	{}	7619b8a5218218af50cee1c0f6e7155f1e401a36b7568d3317f92f164caf575f
cloud	GET	/ssh_keys	list_ssh_keys	query	fingerprint	no	string			form	yes	[]	{}	2d4d442d914d1345b59807f6744a4a32a23d9af1f28f42c44aa4012bec37b8c9
cloud	GET	/ssh_keys	list_ssh_keys	query	label_selector	no	string			form	yes	[]	{}	34409838baa32e96bfe5a5351a68ee5e9f443f670093da099bc1c087bea7b0db
cloud	GET	/ssh_keys	list_ssh_keys	query	name	no	string			form	yes	[]	{}	c0ad0671fb2f469fef6db68ad58a6937602a936a3df5e599296a62fded257394
cloud	GET	/ssh_keys	list_ssh_keys	query	page	no	integer	int64		form	yes	[]	{}	49951a13ec443bf813598679ed9e41c433d2f85b918c79ed5e31c14c1fb6ff6a
cloud	GET	/ssh_keys	list_ssh_keys	query	per_page	no	integer	int64		form	yes	[]	{}	6e614a6688b4fcf1d3affb5e83c7ee6684120a11533b4f756e3a56e128cce2fe
cloud	GET	/ssh_keys	list_ssh_keys	query	sort	no	array		string	form	yes	"[""id"",""id:asc"",""id:desc"",""name"",""name:asc"",""name:desc""]"	{}	0f28e79b305db9e8fbceaa511b4fc26d146218ec85d770b45d282040d366c2e7
cloud	DELETE	/ssh_keys/{id}	delete_ssh_key	path	id	yes	integer	int64		simple	no	[]	"{""maximum"":9007199254740991,""minimum"":1}"	d6b4c07803afd497b5fa524b50712cd69b5b7b0bce4e48238d2412211630ab1c
cloud	GET	/ssh_keys/{id}	get_ssh_key	path	id	yes	integer	int64		simple	no	[]	"{""maximum"":9007199254740991,""minimum"":1}"	d6b4c07803afd497b5fa524b50712cd69b5b7b0bce4e48238d2412211630ab1c
cloud	PUT	/ssh_keys/{id}	update_ssh_key	path	id	yes	integer	int64		simple	no	[]	"{""maximum"":9007199254740991,""minimum"":1}"	d6b4c07803afd497b5fa524b50712cd69b5b7b0bce4e48238d2412211630ab1c
cloud	GET	/volumes	list_volumes	query	label_selector	no	string			form	yes	[]	{}	34409838baa32e96bfe5a5351a68ee5e9f443f670093da099bc1c087bea7b0db
cloud	GET	/volumes	list_volumes	query	name	no	string			form	yes	[]	{}	c0ad0671fb2f469fef6db68ad58a6937602a936a3df5e599296a62fded257394
cloud	GET	/volumes	list_volumes	query	page	no	integer	int64		form	yes	[]	{}	49951a13ec443bf813598679ed9e41c433d2f85b918c79ed5e31c14c1fb6ff6a
cloud	GET	/volumes	list_volumes	query	per_page	no	integer	int64		form	yes	[]	{}	6e614a6688b4fcf1d3affb5e83c7ee6684120a11533b4f756e3a56e128cce2fe
cloud	GET	/volumes	list_volumes	query	sort	no	array		string	form	yes	"[""id"",""id:asc"",""id:desc"",""name"",""name:asc"",""name:desc"",""created"",""created:asc"",""created:desc""]"	{}	07bff43e34756fb7d2447e01aee4be72ebaef5e830ff97adfa18ce8843cc18c4
cloud	GET	/volumes	list_volumes	query	status	no	array		string	form	yes	"[""available"",""creating""]"	{}	a7cf75ecad5dd03612306486fc0cf01c034abcb7dff2413ccf821104fb155e40
cloud	GET	/volumes/actions	list_volumes_actions	query	id	no	array		integer	form	yes	[]	{}	2d8b77ea2e81a340f3e827128f1d4484364ffd1af75bdb7c99ac15ed457769e9
cloud	GET	/volumes/actions	list_volumes_actions	query	page	no	integer	int64		form	yes	[]	{}	49951a13ec443bf813598679ed9e41c433d2f85b918c79ed5e31c14c1fb6ff6a
cloud	GET	/volumes/actions	list_volumes_actions	query	per_page	no	integer	int64		form	yes	[]	{}	6e614a6688b4fcf1d3affb5e83c7ee6684120a11533b4f756e3a56e128cce2fe
cloud	GET	/volumes/actions	list_volumes_actions	query	sort	no	array		string	form	yes	"[""id"",""id:asc"",""id:desc"",""command"",""command:asc"",""command:desc"",""status"",""status:asc"",""status:desc"",""started"",""started:asc"",""started:desc"",""finished"",""finished:asc"",""finished:desc""]"	{}	e073e7d95c82b52ffdf9ab24de877735d0fd3c5e2711b719d01c25b9e1ecc093
cloud	GET	/volumes/actions	list_volumes_actions	query	status	no	array		string	form	yes	"[""running"",""success"",""error""]"	{}	515ddd242f9d681acb620a14e1dab7ebaae911f39e8da17ba21126a8ba21b7db
cloud	GET	/volumes/actions/{id}	get_volumes_action	path	id	yes	integer	int64		simple	no	[]	"{""maximum"":9007199254740991,""minimum"":1}"	d6b4c07803afd497b5fa524b50712cd69b5b7b0bce4e48238d2412211630ab1c
cloud	DELETE	/volumes/{id}	delete_volume	path	id	yes	integer	int64		simple	no	[]	"{""maximum"":9007199254740991,""minimum"":1}"	d6b4c07803afd497b5fa524b50712cd69b5b7b0bce4e48238d2412211630ab1c
cloud	GET	/volumes/{id}	get_volume	path	id	yes	integer	int64		simple	no	[]	"{""maximum"":9007199254740991,""minimum"":1}"	d6b4c07803afd497b5fa524b50712cd69b5b7b0bce4e48238d2412211630ab1c
cloud	PUT	/volumes/{id}	update_volume	path	id	yes	integer	int64		simple	no	[]	"{""maximum"":9007199254740991,""minimum"":1}"	d6b4c07803afd497b5fa524b50712cd69b5b7b0bce4e48238d2412211630ab1c
cloud	GET	/volumes/{id}/actions	list_volume_actions	path	id	yes	integer	int64		simple	no	[]	"{""maximum"":9007199254740991,""minimum"":1}"	d6b4c07803afd497b5fa524b50712cd69b5b7b0bce4e48238d2412211630ab1c
cloud	GET	/volumes/{id}/actions	list_volume_actions	query	page	no	integer	int64		form	yes	[]	{}	49951a13ec443bf813598679ed9e41c433d2f85b918c79ed5e31c14c1fb6ff6a
cloud	GET	/volumes/{id}/actions	list_volume_actions	query	per_page	no	integer	int64		form	yes	[]	{}	6e614a6688b4fcf1d3affb5e83c7ee6684120a11533b4f756e3a56e128cce2fe
cloud	GET	/volumes/{id}/actions	list_volume_actions	query	sort	no	array		string	form	yes	"[""id"",""id:asc"",""id:desc"",""command"",""command:asc"",""command:desc"",""status"",""status:asc"",""status:desc"",""started"",""started:asc"",""started:desc"",""finished"",""finished:asc"",""finished:desc""]"	{}	e073e7d95c82b52ffdf9ab24de877735d0fd3c5e2711b719d01c25b9e1ecc093
cloud	GET	/volumes/{id}/actions	list_volume_actions	query	status	no	array		string	form	yes	"[""running"",""success"",""error""]"	{}	515ddd242f9d681acb620a14e1dab7ebaae911f39e8da17ba21126a8ba21b7db
cloud	POST	/volumes/{id}/actions/attach	attach_volume	path	id	yes	integer	int64		simple	no	[]	"{""maximum"":9007199254740991,""minimum"":1}"	d6b4c07803afd497b5fa524b50712cd69b5b7b0bce4e48238d2412211630ab1c
cloud	POST	/volumes/{id}/actions/change_protection	change_volume_protection	path	id	yes	integer	int64		simple	no	[]	"{""maximum"":9007199254740991,""minimum"":1}"	d6b4c07803afd497b5fa524b50712cd69b5b7b0bce4e48238d2412211630ab1c
cloud	POST	/volumes/{id}/actions/detach	detach_volume	path	id	yes	integer	int64		simple	no	[]	"{""maximum"":9007199254740991,""minimum"":1}"	d6b4c07803afd497b5fa524b50712cd69b5b7b0bce4e48238d2412211630ab1c
cloud	POST	/volumes/{id}/actions/resize	resize_volume	path	id	yes	integer	int64		simple	no	[]	"{""maximum"":9007199254740991,""minimum"":1}"	d6b4c07803afd497b5fa524b50712cd69b5b7b0bce4e48238d2412211630ab1c
cloud	GET	/volumes/{id}/actions/{action_id}	get_volume_action	path	action_id	yes	integer	int64		simple	no	[]	"{""maximum"":9007199254740991,""minimum"":1}"	293372cabd5bfe7cbac6682fa699c26b1ef93d7bbbde99b04737977e5d12e702
cloud	GET	/volumes/{id}/actions/{action_id}	get_volume_action	path	id	yes	integer	int64		simple	no	[]	"{""maximum"":9007199254740991,""minimum"":1}"	d6b4c07803afd497b5fa524b50712cd69b5b7b0bce4e48238d2412211630ab1c
cloud	GET	/zones	list_zones	query	label_selector	no	string			form	yes	[]	{}	34409838baa32e96bfe5a5351a68ee5e9f443f670093da099bc1c087bea7b0db
cloud	GET	/zones	list_zones	query	mode	no	string			form	yes	"[""primary"",""secondary""]"	{}	c10e4d241d4a80e707de2dd7768d79b6bf49242de99cffa5ec1a9c59a10372c7
cloud	GET	/zones	list_zones	query	name	no	string			form	yes	[]	{}	c0ad0671fb2f469fef6db68ad58a6937602a936a3df5e599296a62fded257394
cloud	GET	/zones	list_zones	query	page	no	integer	int64		form	yes	[]	{}	49951a13ec443bf813598679ed9e41c433d2f85b918c79ed5e31c14c1fb6ff6a
cloud	GET	/zones	list_zones	query	per_page	no	integer	int64		form	yes	[]	{}	6e614a6688b4fcf1d3affb5e83c7ee6684120a11533b4f756e3a56e128cce2fe
cloud	GET	/zones	list_zones	query	sort	no	array		string	form	yes	"[""id"",""id:asc"",""id:desc"",""name"",""name:asc"",""name:desc"",""created"",""created:asc"",""created:desc""]"	{}	07bff43e34756fb7d2447e01aee4be72ebaef5e830ff97adfa18ce8843cc18c4
cloud	GET	/zones/actions	list_zones_actions	query	id	no	array		integer	form	yes	[]	{}	2d8b77ea2e81a340f3e827128f1d4484364ffd1af75bdb7c99ac15ed457769e9
cloud	GET	/zones/actions	list_zones_actions	query	page	no	integer	int64		form	yes	[]	{}	49951a13ec443bf813598679ed9e41c433d2f85b918c79ed5e31c14c1fb6ff6a
cloud	GET	/zones/actions	list_zones_actions	query	per_page	no	integer	int64		form	yes	[]	{}	6e614a6688b4fcf1d3affb5e83c7ee6684120a11533b4f756e3a56e128cce2fe
cloud	GET	/zones/actions	list_zones_actions	query	sort	no	array		string	form	yes	"[""id"",""id:asc"",""id:desc"",""command"",""command:asc"",""command:desc"",""status"",""status:asc"",""status:desc"",""started"",""started:asc"",""started:desc"",""finished"",""finished:asc"",""finished:desc""]"	{}	e073e7d95c82b52ffdf9ab24de877735d0fd3c5e2711b719d01c25b9e1ecc093
cloud	GET	/zones/actions	list_zones_actions	query	status	no	array		string	form	yes	"[""running"",""success"",""error""]"	{}	515ddd242f9d681acb620a14e1dab7ebaae911f39e8da17ba21126a8ba21b7db
cloud	GET	/zones/actions/{id}	get_zones_action	path	id	yes	integer	int64		simple	no	[]	"{""maximum"":9007199254740991,""minimum"":1}"	d6b4c07803afd497b5fa524b50712cd69b5b7b0bce4e48238d2412211630ab1c
cloud	DELETE	/zones/{id_or_name}	delete_zone	path	id_or_name	yes	string			simple	no	[]	{}	d7d9fc8be3f2fa51d45f01d462798d074e8180754e6deda63fa1f67a6905884b
cloud	GET	/zones/{id_or_name}	get_zone	path	id_or_name	yes	string			simple	no	[]	{}	d7d9fc8be3f2fa51d45f01d462798d074e8180754e6deda63fa1f67a6905884b
cloud	PUT	/zones/{id_or_name}	update_zone	path	id_or_name	yes	string			simple	no	[]	{}	d7d9fc8be3f2fa51d45f01d462798d074e8180754e6deda63fa1f67a6905884b
cloud	GET	/zones/{id_or_name}/actions	list_zone_actions	path	id_or_name	yes	string			simple	no	[]	{}	d7d9fc8be3f2fa51d45f01d462798d074e8180754e6deda63fa1f67a6905884b
cloud	GET	/zones/{id_or_name}/actions	list_zone_actions	query	page	no	integer	int64		form	yes	[]	{}	49951a13ec443bf813598679ed9e41c433d2f85b918c79ed5e31c14c1fb6ff6a
cloud	GET	/zones/{id_or_name}/actions	list_zone_actions	query	per_page	no	integer	int64		form	yes	[]	{}	6e614a6688b4fcf1d3affb5e83c7ee6684120a11533b4f756e3a56e128cce2fe
cloud	GET	/zones/{id_or_name}/actions	list_zone_actions	query	sort	no	array		string	form	yes	"[""id"",""id:asc"",""id:desc"",""command"",""command:asc"",""command:desc"",""status"",""status:asc"",""status:desc"",""started"",""started:asc"",""started:desc"",""finished"",""finished:asc"",""finished:desc""]"	{}	e073e7d95c82b52ffdf9ab24de877735d0fd3c5e2711b719d01c25b9e1ecc093
cloud	GET	/zones/{id_or_name}/actions	list_zone_actions	query	status	no	array		string	form	yes	"[""running"",""success"",""error""]"	{}	515ddd242f9d681acb620a14e1dab7ebaae911f39e8da17ba21126a8ba21b7db
cloud	POST	/zones/{id_or_name}/actions/change_primary_nameservers	change_zone_primary_nameservers	path	id_or_name	yes	string			simple	no	[]	{}	d7d9fc8be3f2fa51d45f01d462798d074e8180754e6deda63fa1f67a6905884b
cloud	POST	/zones/{id_or_name}/actions/change_protection	change_zone_protection	path	id_or_name	yes	string			simple	no	[]	{}	d7d9fc8be3f2fa51d45f01d462798d074e8180754e6deda63fa1f67a6905884b
cloud	POST	/zones/{id_or_name}/actions/change_ttl	change_zone_ttl	path	id_or_name	yes	string			simple	no	[]	{}	d7d9fc8be3f2fa51d45f01d462798d074e8180754e6deda63fa1f67a6905884b
cloud	POST	/zones/{id_or_name}/actions/import_zonefile	import_zone_zonefile	path	id_or_name	yes	string			simple	no	[]	{}	d7d9fc8be3f2fa51d45f01d462798d074e8180754e6deda63fa1f67a6905884b
cloud	GET	/zones/{id_or_name}/actions/{action_id}	get_zone_action	path	action_id	yes	integer	int64		simple	no	[]	"{""maximum"":9007199254740991,""minimum"":1}"	293372cabd5bfe7cbac6682fa699c26b1ef93d7bbbde99b04737977e5d12e702
cloud	GET	/zones/{id_or_name}/actions/{action_id}	get_zone_action	path	id_or_name	yes	string			simple	no	[]	{}	d7d9fc8be3f2fa51d45f01d462798d074e8180754e6deda63fa1f67a6905884b
cloud	GET	/zones/{id_or_name}/rrsets	list_zone_rrsets	path	id_or_name	yes	string			simple	no	[]	{}	d7d9fc8be3f2fa51d45f01d462798d074e8180754e6deda63fa1f67a6905884b
cloud	GET	/zones/{id_or_name}/rrsets	list_zone_rrsets	query	label_selector	no	string			form	yes	[]	{}	34409838baa32e96bfe5a5351a68ee5e9f443f670093da099bc1c087bea7b0db
cloud	GET	/zones/{id_or_name}/rrsets	list_zone_rrsets	query	name	no	string			form	yes	[]	{}	c0ad0671fb2f469fef6db68ad58a6937602a936a3df5e599296a62fded257394
cloud	GET	/zones/{id_or_name}/rrsets	list_zone_rrsets	query	page	no	integer	int64		form	yes	[]	{}	49951a13ec443bf813598679ed9e41c433d2f85b918c79ed5e31c14c1fb6ff6a
cloud	GET	/zones/{id_or_name}/rrsets	list_zone_rrsets	query	per_page	no	integer	int64		form	yes	[]	{}	6e614a6688b4fcf1d3affb5e83c7ee6684120a11533b4f756e3a56e128cce2fe
cloud	GET	/zones/{id_or_name}/rrsets	list_zone_rrsets	query	sort	no	array		string	form	yes	"[""id"",""id:asc"",""id:desc"",""name"",""name:asc"",""name:desc"",""created"",""created:asc"",""created:desc""]"	{}	07bff43e34756fb7d2447e01aee4be72ebaef5e830ff97adfa18ce8843cc18c4
cloud	GET	/zones/{id_or_name}/rrsets	list_zone_rrsets	query	type	no	array		string	form	yes	"[""A"",""AAAA"",""CAA"",""CNAME"",""DS"",""HINFO"",""HTTPS"",""MX"",""NS"",""PTR"",""RP"",""SOA"",""SRV"",""SVCB"",""TLSA"",""TXT""]"	{}	97d2935f440904c3812369979dd4dabcf35043393c7fef16a48c5d2536f6dedf
cloud	POST	/zones/{id_or_name}/rrsets	create_zone_rrset	path	id_or_name	yes	string			simple	no	[]	{}	d7d9fc8be3f2fa51d45f01d462798d074e8180754e6deda63fa1f67a6905884b
cloud	DELETE	/zones/{id_or_name}/rrsets/{rr_name}/{rr_type}	delete_zone_rrset	path	id_or_name	yes	string			simple	no	[]	{}	d7d9fc8be3f2fa51d45f01d462798d074e8180754e6deda63fa1f67a6905884b
cloud	DELETE	/zones/{id_or_name}/rrsets/{rr_name}/{rr_type}	delete_zone_rrset	path	rr_name	yes	string			simple	no	[]	{}	26bdb8aba7c15011fa64dec574fb17b250c9d03b05b8752302940d7e2ddd23ed
cloud	DELETE	/zones/{id_or_name}/rrsets/{rr_name}/{rr_type}	delete_zone_rrset	path	rr_type	yes	string			simple	no	"[""A"",""AAAA"",""CAA"",""CNAME"",""DS"",""HINFO"",""HTTPS"",""MX"",""NS"",""PTR"",""RP"",""SOA"",""SRV"",""SVCB"",""TLSA"",""TXT""]"	{}	516a64dab938e4b468d9269e6b43f06a34515802f6297fc58a165981bf64c51c
cloud	GET	/zones/{id_or_name}/rrsets/{rr_name}/{rr_type}	get_zone_rrset	path	id_or_name	yes	string			simple	no	[]	{}	d7d9fc8be3f2fa51d45f01d462798d074e8180754e6deda63fa1f67a6905884b
cloud	GET	/zones/{id_or_name}/rrsets/{rr_name}/{rr_type}	get_zone_rrset	path	rr_name	yes	string			simple	no	[]	{}	26bdb8aba7c15011fa64dec574fb17b250c9d03b05b8752302940d7e2ddd23ed
cloud	GET	/zones/{id_or_name}/rrsets/{rr_name}/{rr_type}	get_zone_rrset	path	rr_type	yes	string			simple	no	"[""A"",""AAAA"",""CAA"",""CNAME"",""DS"",""HINFO"",""HTTPS"",""MX"",""NS"",""PTR"",""RP"",""SOA"",""SRV"",""SVCB"",""TLSA"",""TXT""]"	{}	516a64dab938e4b468d9269e6b43f06a34515802f6297fc58a165981bf64c51c
cloud	PUT	/zones/{id_or_name}/rrsets/{rr_name}/{rr_type}	update_zone_rrset	path	id_or_name	yes	string			simple	no	[]	{}	d7d9fc8be3f2fa51d45f01d462798d074e8180754e6deda63fa1f67a6905884b
cloud	PUT	/zones/{id_or_name}/rrsets/{rr_name}/{rr_type}	update_zone_rrset	path	rr_name	yes	string			simple	no	[]	{}	26bdb8aba7c15011fa64dec574fb17b250c9d03b05b8752302940d7e2ddd23ed
cloud	PUT	/zones/{id_or_name}/rrsets/{rr_name}/{rr_type}	update_zone_rrset	path	rr_type	yes	string			simple	no	"[""A"",""AAAA"",""CAA"",""CNAME"",""DS"",""HINFO"",""HTTPS"",""MX"",""NS"",""PTR"",""RP"",""SOA"",""SRV"",""SVCB"",""TLSA"",""TXT""]"	{}	516a64dab938e4b468d9269e6b43f06a34515802f6297fc58a165981bf64c51c
cloud	POST	/zones/{id_or_name}/rrsets/{rr_name}/{rr_type}/actions/add_records	add_zone_rrset_records	path	id_or_name	yes	string			simple	no	[]	{}	d7d9fc8be3f2fa51d45f01d462798d074e8180754e6deda63fa1f67a6905884b
cloud	POST	/zones/{id_or_name}/rrsets/{rr_name}/{rr_type}/actions/add_records	add_zone_rrset_records	path	rr_name	yes	string			simple	no	[]	{}	26bdb8aba7c15011fa64dec574fb17b250c9d03b05b8752302940d7e2ddd23ed
cloud	POST	/zones/{id_or_name}/rrsets/{rr_name}/{rr_type}/actions/add_records	add_zone_rrset_records	path	rr_type	yes	string			simple	no	"[""A"",""AAAA"",""CAA"",""CNAME"",""DS"",""HINFO"",""HTTPS"",""MX"",""NS"",""PTR"",""RP"",""SOA"",""SRV"",""SVCB"",""TLSA"",""TXT""]"	{}	516a64dab938e4b468d9269e6b43f06a34515802f6297fc58a165981bf64c51c
cloud	POST	/zones/{id_or_name}/rrsets/{rr_name}/{rr_type}/actions/change_protection	change_zone_rrset_protection	path	id_or_name	yes	string			simple	no	[]	{}	d7d9fc8be3f2fa51d45f01d462798d074e8180754e6deda63fa1f67a6905884b
cloud	POST	/zones/{id_or_name}/rrsets/{rr_name}/{rr_type}/actions/change_protection	change_zone_rrset_protection	path	rr_name	yes	string			simple	no	[]	{}	26bdb8aba7c15011fa64dec574fb17b250c9d03b05b8752302940d7e2ddd23ed
cloud	POST	/zones/{id_or_name}/rrsets/{rr_name}/{rr_type}/actions/change_protection	change_zone_rrset_protection	path	rr_type	yes	string			simple	no	"[""A"",""AAAA"",""CAA"",""CNAME"",""DS"",""HINFO"",""HTTPS"",""MX"",""NS"",""PTR"",""RP"",""SOA"",""SRV"",""SVCB"",""TLSA"",""TXT""]"	{}	516a64dab938e4b468d9269e6b43f06a34515802f6297fc58a165981bf64c51c
cloud	POST	/zones/{id_or_name}/rrsets/{rr_name}/{rr_type}/actions/change_ttl	change_zone_rrset_ttl	path	id_or_name	yes	string			simple	no	[]	{}	d7d9fc8be3f2fa51d45f01d462798d074e8180754e6deda63fa1f67a6905884b
cloud	POST	/zones/{id_or_name}/rrsets/{rr_name}/{rr_type}/actions/change_ttl	change_zone_rrset_ttl	path	rr_name	yes	string			simple	no	[]	{}	26bdb8aba7c15011fa64dec574fb17b250c9d03b05b8752302940d7e2ddd23ed
cloud	POST	/zones/{id_or_name}/rrsets/{rr_name}/{rr_type}/actions/change_ttl	change_zone_rrset_ttl	path	rr_type	yes	string			simple	no	"[""A"",""AAAA"",""CAA"",""CNAME"",""DS"",""HINFO"",""HTTPS"",""MX"",""NS"",""PTR"",""RP"",""SOA"",""SRV"",""SVCB"",""TLSA"",""TXT""]"	{}	516a64dab938e4b468d9269e6b43f06a34515802f6297fc58a165981bf64c51c
cloud	POST	/zones/{id_or_name}/rrsets/{rr_name}/{rr_type}/actions/remove_records	remove_zone_rrset_records	path	id_or_name	yes	string			simple	no	[]	{}	d7d9fc8be3f2fa51d45f01d462798d074e8180754e6deda63fa1f67a6905884b
cloud	POST	/zones/{id_or_name}/rrsets/{rr_name}/{rr_type}/actions/remove_records	remove_zone_rrset_records	path	rr_name	yes	string			simple	no	[]	{}	26bdb8aba7c15011fa64dec574fb17b250c9d03b05b8752302940d7e2ddd23ed
cloud	POST	/zones/{id_or_name}/rrsets/{rr_name}/{rr_type}/actions/remove_records	remove_zone_rrset_records	path	rr_type	yes	string			simple	no	"[""A"",""AAAA"",""CAA"",""CNAME"",""DS"",""HINFO"",""HTTPS"",""MX"",""NS"",""PTR"",""RP"",""SOA"",""SRV"",""SVCB"",""TLSA"",""TXT""]"	{}	516a64dab938e4b468d9269e6b43f06a34515802f6297fc58a165981bf64c51c
cloud	POST	/zones/{id_or_name}/rrsets/{rr_name}/{rr_type}/actions/set_records	set_zone_rrset_records	path	id_or_name	yes	string			simple	no	[]	{}	d7d9fc8be3f2fa51d45f01d462798d074e8180754e6deda63fa1f67a6905884b
cloud	POST	/zones/{id_or_name}/rrsets/{rr_name}/{rr_type}/actions/set_records	set_zone_rrset_records	path	rr_name	yes	string			simple	no	[]	{}	26bdb8aba7c15011fa64dec574fb17b250c9d03b05b8752302940d7e2ddd23ed
cloud	POST	/zones/{id_or_name}/rrsets/{rr_name}/{rr_type}/actions/set_records	set_zone_rrset_records	path	rr_type	yes	string			simple	no	"[""A"",""AAAA"",""CAA"",""CNAME"",""DS"",""HINFO"",""HTTPS"",""MX"",""NS"",""PTR"",""RP"",""SOA"",""SRV"",""SVCB"",""TLSA"",""TXT""]"	{}	516a64dab938e4b468d9269e6b43f06a34515802f6297fc58a165981bf64c51c
cloud	POST	/zones/{id_or_name}/rrsets/{rr_name}/{rr_type}/actions/update_records	update_zone_rrset_records	path	id_or_name	yes	string			simple	no	[]	{}	d7d9fc8be3f2fa51d45f01d462798d074e8180754e6deda63fa1f67a6905884b
cloud	POST	/zones/{id_or_name}/rrsets/{rr_name}/{rr_type}/actions/update_records	update_zone_rrset_records	path	rr_name	yes	string			simple	no	[]	{}	26bdb8aba7c15011fa64dec574fb17b250c9d03b05b8752302940d7e2ddd23ed
cloud	POST	/zones/{id_or_name}/rrsets/{rr_name}/{rr_type}/actions/update_records	update_zone_rrset_records	path	rr_type	yes	string			simple	no	"[""A"",""AAAA"",""CAA"",""CNAME"",""DS"",""HINFO"",""HTTPS"",""MX"",""NS"",""PTR"",""RP"",""SOA"",""SRV"",""SVCB"",""TLSA"",""TXT""]"	{}	516a64dab938e4b468d9269e6b43f06a34515802f6297fc58a165981bf64c51c
cloud	GET	/zones/{id_or_name}/zonefile	get_zone_zonefile	path	id_or_name	yes	string			simple	no	[]	{}	d7d9fc8be3f2fa51d45f01d462798d074e8180754e6deda63fa1f67a6905884b
hetzner	GET	/storage_box_types	list_storage_box_types	query	name	no	string			form	yes	[]	{}	c0ad0671fb2f469fef6db68ad58a6937602a936a3df5e599296a62fded257394
hetzner	GET	/storage_box_types	list_storage_box_types	query	page	no	integer	int64		form	yes	[]	{}	49951a13ec443bf813598679ed9e41c433d2f85b918c79ed5e31c14c1fb6ff6a
hetzner	GET	/storage_box_types	list_storage_box_types	query	per_page	no	integer	int64		form	yes	[]	{}	6e614a6688b4fcf1d3affb5e83c7ee6684120a11533b4f756e3a56e128cce2fe
hetzner	GET	/storage_box_types/{id}	get_storage_box_type	path	id	yes	integer	int64		simple	no	[]	"{""maximum"":9007199254740991,""minimum"":1}"	d6b4c07803afd497b5fa524b50712cd69b5b7b0bce4e48238d2412211630ab1c
hetzner	GET	/storage_boxes	list_storage_boxes	query	label_selector	no	string			form	yes	[]	{}	34409838baa32e96bfe5a5351a68ee5e9f443f670093da099bc1c087bea7b0db
hetzner	GET	/storage_boxes	list_storage_boxes	query	name	no	string			form	yes	[]	{}	c0ad0671fb2f469fef6db68ad58a6937602a936a3df5e599296a62fded257394
hetzner	GET	/storage_boxes	list_storage_boxes	query	page	no	integer	int64		form	yes	[]	{}	49951a13ec443bf813598679ed9e41c433d2f85b918c79ed5e31c14c1fb6ff6a
hetzner	GET	/storage_boxes	list_storage_boxes	query	per_page	no	integer	int64		form	yes	[]	{}	6e614a6688b4fcf1d3affb5e83c7ee6684120a11533b4f756e3a56e128cce2fe
hetzner	GET	/storage_boxes	list_storage_boxes	query	sort	no	array		string	form	yes	"[""id"",""id:asc"",""id:desc"",""name"",""name:asc"",""name:desc"",""created"",""created:asc"",""created:desc"",""stats.size"",""stats.size:asc"",""stats.size:desc"",""stats.size_filesystem"",""stats.size_filesystem:asc"",""stats.size_filesystem:desc""]"	{}	c9147bac953d7e3d7813f062e5ad7a48aa48f5cb02d9a83bd8bd835de44c18b9
hetzner	GET	/storage_boxes/actions	list_storage_boxes_actions	query	id	no	array		integer	form	yes	[]	{}	2d8b77ea2e81a340f3e827128f1d4484364ffd1af75bdb7c99ac15ed457769e9
hetzner	GET	/storage_boxes/actions	list_storage_boxes_actions	query	page	no	integer	int64		form	yes	[]	{}	49951a13ec443bf813598679ed9e41c433d2f85b918c79ed5e31c14c1fb6ff6a
hetzner	GET	/storage_boxes/actions	list_storage_boxes_actions	query	per_page	no	integer	int64		form	yes	[]	{}	6e614a6688b4fcf1d3affb5e83c7ee6684120a11533b4f756e3a56e128cce2fe
hetzner	GET	/storage_boxes/actions	list_storage_boxes_actions	query	sort	no	array		string	form	yes	"[""id"",""id:asc"",""id:desc"",""command"",""command:asc"",""command:desc"",""status"",""status:asc"",""status:desc"",""started"",""started:asc"",""started:desc"",""finished"",""finished:asc"",""finished:desc""]"	{}	e073e7d95c82b52ffdf9ab24de877735d0fd3c5e2711b719d01c25b9e1ecc093
hetzner	GET	/storage_boxes/actions	list_storage_boxes_actions	query	status	no	array		string	form	yes	"[""running"",""success"",""error""]"	{}	515ddd242f9d681acb620a14e1dab7ebaae911f39e8da17ba21126a8ba21b7db
hetzner	GET	/storage_boxes/actions/{id}	get_storage_boxes_action	path	id	yes	integer	int64		simple	no	[]	"{""maximum"":9007199254740991,""minimum"":1}"	d6b4c07803afd497b5fa524b50712cd69b5b7b0bce4e48238d2412211630ab1c
hetzner	DELETE	/storage_boxes/{id}	delete_storage_box	path	id	yes	integer	int64		simple	no	[]	"{""maximum"":9007199254740991,""minimum"":1}"	d6b4c07803afd497b5fa524b50712cd69b5b7b0bce4e48238d2412211630ab1c
hetzner	GET	/storage_boxes/{id}	get_storage_box	path	id	yes	integer	int64		simple	no	[]	"{""maximum"":9007199254740991,""minimum"":1}"	d6b4c07803afd497b5fa524b50712cd69b5b7b0bce4e48238d2412211630ab1c
hetzner	PUT	/storage_boxes/{id}	update_storage_box	path	id	yes	integer	int64		simple	no	[]	"{""maximum"":9007199254740991,""minimum"":1}"	d6b4c07803afd497b5fa524b50712cd69b5b7b0bce4e48238d2412211630ab1c
hetzner	GET	/storage_boxes/{id}/actions	list_storage_box_actions	path	id	yes	integer	int64		simple	no	[]	"{""maximum"":9007199254740991,""minimum"":1}"	d6b4c07803afd497b5fa524b50712cd69b5b7b0bce4e48238d2412211630ab1c
hetzner	GET	/storage_boxes/{id}/actions	list_storage_box_actions	query	page	no	integer	int64		form	yes	[]	{}	49951a13ec443bf813598679ed9e41c433d2f85b918c79ed5e31c14c1fb6ff6a
hetzner	GET	/storage_boxes/{id}/actions	list_storage_box_actions	query	per_page	no	integer	int64		form	yes	[]	{}	6e614a6688b4fcf1d3affb5e83c7ee6684120a11533b4f756e3a56e128cce2fe
hetzner	GET	/storage_boxes/{id}/actions	list_storage_box_actions	query	sort	no	array		string	form	yes	"[""id"",""id:asc"",""id:desc"",""command"",""command:asc"",""command:desc"",""status"",""status:asc"",""status:desc"",""started"",""started:asc"",""started:desc"",""finished"",""finished:asc"",""finished:desc""]"	{}	e073e7d95c82b52ffdf9ab24de877735d0fd3c5e2711b719d01c25b9e1ecc093
hetzner	GET	/storage_boxes/{id}/actions	list_storage_box_actions	query	status	no	array		string	form	yes	"[""running"",""success"",""error""]"	{}	515ddd242f9d681acb620a14e1dab7ebaae911f39e8da17ba21126a8ba21b7db
hetzner	POST	/storage_boxes/{id}/actions/change_protection	change_storage_box_protection	path	id	yes	integer	int64		simple	no	[]	"{""maximum"":9007199254740991,""minimum"":1}"	d6b4c07803afd497b5fa524b50712cd69b5b7b0bce4e48238d2412211630ab1c
hetzner	POST	/storage_boxes/{id}/actions/change_type	change_storage_box_type	path	id	yes	integer	int64		simple	no	[]	"{""maximum"":9007199254740991,""minimum"":1}"	d6b4c07803afd497b5fa524b50712cd69b5b7b0bce4e48238d2412211630ab1c
hetzner	POST	/storage_boxes/{id}/actions/disable_snapshot_plan	disable_storage_box_snapshot_plan	path	id	yes	integer	int64		simple	no	[]	"{""maximum"":9007199254740991,""minimum"":1}"	d6b4c07803afd497b5fa524b50712cd69b5b7b0bce4e48238d2412211630ab1c
hetzner	POST	/storage_boxes/{id}/actions/enable_snapshot_plan	enable_storage_box_snapshot_plan	path	id	yes	integer	int64		simple	no	[]	"{""maximum"":9007199254740991,""minimum"":1}"	d6b4c07803afd497b5fa524b50712cd69b5b7b0bce4e48238d2412211630ab1c
hetzner	POST	/storage_boxes/{id}/actions/reset_password	reset_storage_box_password	path	id	yes	integer	int64		simple	no	[]	"{""maximum"":9007199254740991,""minimum"":1}"	d6b4c07803afd497b5fa524b50712cd69b5b7b0bce4e48238d2412211630ab1c
hetzner	POST	/storage_boxes/{id}/actions/rollback_snapshot	rollback_storage_box_snapshot	path	id	yes	integer	int64		simple	no	[]	"{""maximum"":9007199254740991,""minimum"":1}"	d6b4c07803afd497b5fa524b50712cd69b5b7b0bce4e48238d2412211630ab1c
hetzner	POST	/storage_boxes/{id}/actions/update_access_settings	update_storage_box_access_settings	path	id	yes	integer	int64		simple	no	[]	"{""maximum"":9007199254740991,""minimum"":1}"	d6b4c07803afd497b5fa524b50712cd69b5b7b0bce4e48238d2412211630ab1c
hetzner	GET	/storage_boxes/{id}/actions/{action_id}	get_storage_box_action	path	action_id	yes	integer	int64		simple	no	[]	"{""maximum"":9007199254740991,""minimum"":1}"	293372cabd5bfe7cbac6682fa699c26b1ef93d7bbbde99b04737977e5d12e702
hetzner	GET	/storage_boxes/{id}/actions/{action_id}	get_storage_box_action	path	id	yes	integer	int64		simple	no	[]	"{""maximum"":9007199254740991,""minimum"":1}"	d6b4c07803afd497b5fa524b50712cd69b5b7b0bce4e48238d2412211630ab1c
hetzner	GET	/storage_boxes/{id}/folders	list_storage_box_folders	path	id	yes	integer	int64		simple	no	[]	"{""maximum"":9007199254740991,""minimum"":1}"	d6b4c07803afd497b5fa524b50712cd69b5b7b0bce4e48238d2412211630ab1c
hetzner	GET	/storage_boxes/{id}/folders	list_storage_box_folders	query	path	no	string			form	yes	[]	{}	883c53b9c2289cd3a812e6a0fc62fe2e6eaf00c0429f681ecf1a72b7639b43ea
hetzner	GET	/storage_boxes/{id}/snapshots	list_storage_box_snapshots	path	id	yes	integer	int64		simple	no	[]	"{""maximum"":9007199254740991,""minimum"":1}"	d6b4c07803afd497b5fa524b50712cd69b5b7b0bce4e48238d2412211630ab1c
hetzner	GET	/storage_boxes/{id}/snapshots	list_storage_box_snapshots	query	is_automatic	no	boolean			form	yes	[]	{}	4b141e0a1775689d7a3dfd0fb0bd10eeb482826c7b81898bf6e26d13a5fa02d7
hetzner	GET	/storage_boxes/{id}/snapshots	list_storage_box_snapshots	query	label_selector	no	string			form	yes	[]	{}	34409838baa32e96bfe5a5351a68ee5e9f443f670093da099bc1c087bea7b0db
hetzner	GET	/storage_boxes/{id}/snapshots	list_storage_box_snapshots	query	name	no	string			form	yes	[]	{}	c0ad0671fb2f469fef6db68ad58a6937602a936a3df5e599296a62fded257394
hetzner	GET	/storage_boxes/{id}/snapshots	list_storage_box_snapshots	query	sort	no	array		string	form	yes	"[""id"",""id:asc"",""id:desc"",""name"",""name:asc"",""name:desc"",""created"",""created:asc"",""created:desc""]"	{}	07bff43e34756fb7d2447e01aee4be72ebaef5e830ff97adfa18ce8843cc18c4
hetzner	POST	/storage_boxes/{id}/snapshots	create_storage_box_snapshot	path	id	yes	integer	int64		simple	no	[]	"{""maximum"":9007199254740991,""minimum"":1}"	d6b4c07803afd497b5fa524b50712cd69b5b7b0bce4e48238d2412211630ab1c
hetzner	DELETE	/storage_boxes/{id}/snapshots/{snapshot_id}	delete_storage_box_snapshot	path	id	yes	integer	int64		simple	no	[]	"{""maximum"":9007199254740991,""minimum"":1}"	d6b4c07803afd497b5fa524b50712cd69b5b7b0bce4e48238d2412211630ab1c
hetzner	DELETE	/storage_boxes/{id}/snapshots/{snapshot_id}	delete_storage_box_snapshot	path	snapshot_id	yes	integer	int64		simple	no	[]	"{""maximum"":9007199254740991,""minimum"":1}"	adbb77b7f84e61c7211a3a28d207e64e72ac73e2865f4a975111115163b82c20
hetzner	GET	/storage_boxes/{id}/snapshots/{snapshot_id}	get_storage_box_snapshot	path	id	yes	integer	int64		simple	no	[]	"{""maximum"":9007199254740991,""minimum"":1}"	d6b4c07803afd497b5fa524b50712cd69b5b7b0bce4e48238d2412211630ab1c
hetzner	GET	/storage_boxes/{id}/snapshots/{snapshot_id}	get_storage_box_snapshot	path	snapshot_id	yes	integer	int64		simple	no	[]	"{""maximum"":9007199254740991,""minimum"":1}"	adbb77b7f84e61c7211a3a28d207e64e72ac73e2865f4a975111115163b82c20
hetzner	PUT	/storage_boxes/{id}/snapshots/{snapshot_id}	update_storage_box_snapshot	path	id	yes	integer	int64		simple	no	[]	"{""maximum"":9007199254740991,""minimum"":1}"	d6b4c07803afd497b5fa524b50712cd69b5b7b0bce4e48238d2412211630ab1c
hetzner	PUT	/storage_boxes/{id}/snapshots/{snapshot_id}	update_storage_box_snapshot	path	snapshot_id	yes	integer	int64		simple	no	[]	"{""maximum"":9007199254740991,""minimum"":1}"	adbb77b7f84e61c7211a3a28d207e64e72ac73e2865f4a975111115163b82c20
hetzner	GET	/storage_boxes/{id}/subaccounts	list_storage_box_subaccounts	path	id	yes	integer	int64		simple	no	[]	"{""maximum"":9007199254740991,""minimum"":1}"	d6b4c07803afd497b5fa524b50712cd69b5b7b0bce4e48238d2412211630ab1c
hetzner	GET	/storage_boxes/{id}/subaccounts	list_storage_box_subaccounts	query	label_selector	no	string			form	yes	[]	{}	34409838baa32e96bfe5a5351a68ee5e9f443f670093da099bc1c087bea7b0db
hetzner	GET	/storage_boxes/{id}/subaccounts	list_storage_box_subaccounts	query	name	no	string			form	yes	[]	{}	c0ad0671fb2f469fef6db68ad58a6937602a936a3df5e599296a62fded257394
hetzner	GET	/storage_boxes/{id}/subaccounts	list_storage_box_subaccounts	query	sort	no	array		string	form	yes	"[""id"",""id:asc"",""id:desc"",""created"",""created:asc"",""created:desc""]"	{}	d3d02fb182e976586b958edbe1974252068fa5656b30b5a0d357142fd7d3f6df
hetzner	GET	/storage_boxes/{id}/subaccounts	list_storage_box_subaccounts	query	username	no	string			form	yes	[]	{}	a519d05be730c6ba0cfb78dd274709b19cf86237dae201b346f6674ac3a4e19f
hetzner	POST	/storage_boxes/{id}/subaccounts	create_storage_box_subaccount	path	id	yes	integer	int64		simple	no	[]	"{""maximum"":9007199254740991,""minimum"":1}"	d6b4c07803afd497b5fa524b50712cd69b5b7b0bce4e48238d2412211630ab1c
hetzner	DELETE	/storage_boxes/{id}/subaccounts/{subaccount_id}	delete_storage_box_subaccount	path	id	yes	integer	int64		simple	no	[]	"{""maximum"":9007199254740991,""minimum"":1}"	d6b4c07803afd497b5fa524b50712cd69b5b7b0bce4e48238d2412211630ab1c
hetzner	DELETE	/storage_boxes/{id}/subaccounts/{subaccount_id}	delete_storage_box_subaccount	path	subaccount_id	yes	integer	int64		simple	no	[]	"{""maximum"":9007199254740991,""minimum"":1}"	458e53485ec4f61e02499522fbeea65af2ff56bb9feec96bdfd0efeeebec9772
hetzner	GET	/storage_boxes/{id}/subaccounts/{subaccount_id}	get_storage_box_subaccount	path	id	yes	integer	int64		simple	no	[]	"{""maximum"":9007199254740991,""minimum"":1}"	d6b4c07803afd497b5fa524b50712cd69b5b7b0bce4e48238d2412211630ab1c
hetzner	GET	/storage_boxes/{id}/subaccounts/{subaccount_id}	get_storage_box_subaccount	path	subaccount_id	yes	integer	int64		simple	no	[]	"{""maximum"":9007199254740991,""minimum"":1}"	458e53485ec4f61e02499522fbeea65af2ff56bb9feec96bdfd0efeeebec9772
hetzner	PUT	/storage_boxes/{id}/subaccounts/{subaccount_id}	update_storage_box_subaccount	path	id	yes	integer	int64		simple	no	[]	"{""maximum"":9007199254740991,""minimum"":1}"	d6b4c07803afd497b5fa524b50712cd69b5b7b0bce4e48238d2412211630ab1c
hetzner	PUT	/storage_boxes/{id}/subaccounts/{subaccount_id}	update_storage_box_subaccount	path	subaccount_id	yes	integer	int64		simple	no	[]	"{""maximum"":9007199254740991,""minimum"":1}"	458e53485ec4f61e02499522fbeea65af2ff56bb9feec96bdfd0efeeebec9772
hetzner	POST	/storage_boxes/{id}/subaccounts/{subaccount_id}/actions/change_home_directory	change_storage_box_subaccount_home_directory	path	id	yes	integer	int64		simple	no	[]	"{""maximum"":9007199254740991,""minimum"":1}"	d6b4c07803afd497b5fa524b50712cd69b5b7b0bce4e48238d2412211630ab1c
hetzner	POST	/storage_boxes/{id}/subaccounts/{subaccount_id}/actions/change_home_directory	change_storage_box_subaccount_home_directory	path	subaccount_id	yes	integer	int64		simple	no	[]	"{""maximum"":9007199254740991,""minimum"":1}"	458e53485ec4f61e02499522fbeea65af2ff56bb9feec96bdfd0efeeebec9772
hetzner	POST	/storage_boxes/{id}/subaccounts/{subaccount_id}/actions/reset_subaccount_password	reset_storage_box_subaccount_password	path	id	yes	integer	int64		simple	no	[]	"{""maximum"":9007199254740991,""minimum"":1}"	d6b4c07803afd497b5fa524b50712cd69b5b7b0bce4e48238d2412211630ab1c
hetzner	POST	/storage_boxes/{id}/subaccounts/{subaccount_id}/actions/reset_subaccount_password	reset_storage_box_subaccount_password	path	subaccount_id	yes	integer	int64		simple	no	[]	"{""maximum"":9007199254740991,""minimum"":1}"	458e53485ec4f61e02499522fbeea65af2ff56bb9feec96bdfd0efeeebec9772
hetzner	POST	/storage_boxes/{id}/subaccounts/{subaccount_id}/actions/update_access_settings	update_storage_box_subaccount_access_settings	path	id	yes	integer	int64		simple	no	[]	"{""maximum"":9007199254740991,""minimum"":1}"	d6b4c07803afd497b5fa524b50712cd69b5b7b0bce4e48238d2412211630ab1c
hetzner	POST	/storage_boxes/{id}/subaccounts/{subaccount_id}/actions/update_access_settings	update_storage_box_subaccount_access_settings	path	subaccount_id	yes	integer	int64		simple	no	[]	"{""maximum"":9007199254740991,""minimum"":1}"	458e53485ec4f61e02499522fbeea65af2ff56bb9feec96bdfd0efeeebec9772
